Evaluation,x_t,y_c1,y_c2,y_t,z_c1,Cost
686,15.471983mm,19.84992mm,12mm,0.11252698mm,40mm,0.38794
384,14.572022mm,20mm,12mm,0.11067086mm,39.898504mm,0.38883
75,16.098334mm,20mm,11.751852mm,0.10772978mm,40mm,0.38995
943,13.673985mm,20mm,12mm,0.10508588mm,40mm,0.39023
400,15.925527mm,19.785125mm,11.904126mm,0.11474542mm,39.735017mm,0.39079
570,17.203656mm,19.971594mm,12mm,0.10883597mm,39.427323mm,0.3913
383,14.660439mm,19.999986mm,11.876115mm,0.11152502mm,39.407044mm,0.39136
364,15.420931mm,20mm,12mm,0.12522393mm,40mm,0.39187
435,14.885712mm,19.24201mm,12mm,0.10647243mm,40mm,0.39207
580,15.686453mm,19.437661mm,12mm,0.11516626mm,39.783814mm,0.39211
950,14.639745mm,19.627199mm,11.972225mm,0.10505354mm,39.590787mm,0.39236
374,14.335947mm,19.375mm,11.987915mm,0.11124542mm,40mm,0.39245
934,19.201986mm,20mm,12mm,0.1161248mm,40mm,0.39253
912,16.657498mm,19.37598mm,11.998673mm,0.1171955mm,39.997508mm,0.39257
683,14.934839mm,19.84375mm,11.606577mm,0.10405508mm,40mm,0.39338
385,14.996844mm,19.385303mm,11.999101mm,0.10978997mm,39.439132mm,0.39346
386,14.706793mm,19.377133mm,11.875734mm,0.10949707mm,39.616506mm,0.39358
951,16.329681mm,19.382147mm,12mm,0.11092069mm,39.406417mm,0.39367
569,18.467441mm,19.954074mm,11.86181mm,0.099662068mm,39.999847mm,0.39384
152,14.834658mm,19.45196mm,11.8965mm,0.10573003mm,39.496866mm,0.39413
284,15.074734mm,20mm,11.814117mm,0.096221077mm,40mm,0.39422
669,16.460573mm,19.247237mm,12mm,0.09947848mm,40mm,0.39434
382,14.827498mm,19.420082mm,11.917958mm,0.10814675mm,39.381166mm,0.39437
949,15.742274mm,19.384678mm,11.875356mm,0.10705563mm,39.384625mm,0.39444
685,14.934839mm,19.84375mm,11.606577mm,0.10405508mm,39.6875mm,0.39459
541,13.661421mm,19.515392mm,11.878717mm,0.11846086mm,39.78734mm,0.3947
145,13.9102mm,20mm,12mm,0.094979368mm,40mm,0.39482
199,13.814053mm,19.446437mm,11.953506mm,0.11528514mm,39.629017mm,0.39497
151,14.518926mm,19.375mm,11.875815mm,0.099868154mm,40mm,0.39516
957,18.575115mm,19.535158mm,12mm,0.10623136mm,39.543202mm,0.39534
454,16.420602mm,19.464198mm,11.877666mm,0.11071552mm,39.144117mm,0.39593
941,17.825316mm,19.331897mm,12mm,0.10584478mm,39.389299mm,0.39656
935,17.955423mm,19.438482mm,11.891458mm,0.10649995mm,39.542501mm,0.39664
142,13.813759mm,19.396267mm,11.939548mm,0.11874472mm,39.52491mm,0.39674
66,17.379391mm,18.752345mm,11.999782mm,0.10686521mm,39.999454mm,0.39687
387,14.572022mm,19.278312mm,11.855662mm,0.11067086mm,39.176816mm,0.39737
670,16.460573mm,19.247237mm,11.911612mm,0.09947848mm,39.558058mm,0.39758
143,15.622956mm,19.39299mm,11.895596mm,0.097454551mm,39.560139mm,0.3976
675,13.777148mm,19.801002mm,11.986557mm,0.099541639mm,38.841386mm,0.39775
136,13.467692mm,18.567363mm,12mm,0.10915891mm,40mm,0.39779
448,17.723386mm,19.377524mm,11.880094mm,0.12176337mm,39.925098mm,0.39785
437,14.885712mm,19.24201mm,11.823223mm,0.10647243mm,39.116117mm,0.39818
376,13.607663mm,19.389938mm,11.938391mm,0.12172232mm,39.411915mm,0.39847
366,12.379085mm,19.500369mm,11.904874mm,0.11434377mm,39.595946mm,0.39889
240,16.931797mm,19.408812mm,11.875366mm,0.098179001mm,39.389426mm,0.3989
806,14.231714mm,19.396391mm,11.933742mm,0.099424987mm,39.388906mm,0.39909
803,19.573521mm,19.408784mm,11.997318mm,0.11023181mm,39.407844mm,0.3991
682,13.777148mm,19.801002mm,11.924057mm,0.099541639mm,38.841386mm,0.39911
379,20mm,19.874067mm,11.889055mm,0.11440943mm,39.464162mm,0.39927
365,14.526203mm,18.992554mm,11.894783mm,0.12002348mm,39.444264mm,0.39947
942,18.599056mm,19.042894mm,11.877457mm,0.11567932mm,39.694443mm,0.40005
680,14.010644mm,19.847445mm,12mm,0.11702108mm,37.96119mm,0.40024
80,15.824831mm,18.87423mm,11.999966mm,0.11126765mm,38.755676mm,0.40041
357,14.892198mm,19.07319mm,11.964851mm,0.12877834mm,40mm,0.40048
922,20mm,19.375mm,11.972758mm,0.11359719mm,39.623334mm,0.40055
290,15.635545mm,18.703693mm,11.467477mm,0.10388918mm,39.999971mm,0.40156
61,17.360349mm,20mm,11.762808mm,0.097027175mm,38.755307mm,0.40163
582,15.686453mm,18.715973mm,11.855662mm,0.11516626mm,39.062126mm,0.40179
129,13.248898mm,19.696123mm,11.795413mm,0.12863898mm,39.678681mm,0.40191
978,14.352745mm,19.763221mm,11.940886mm,0.099562518mm,38.138657mm,0.40213
363,12.909813mm,20mm,11.998847mm,0.12996541mm,39.437954mm,0.40216
537,20mm,19.405221mm,11.877222mm,0.098525593mm,39.998259mm,0.40224
453,17.385279mm,19.489683mm,11.911984mm,0.12242046mm,38.789688mm,0.40244
534,16.11246mm,19.691954mm,11.89781mm,0.088342871mm,39.990111mm,0.40253
915,16.657498mm,18.654292mm,11.854336mm,0.1171955mm,39.27582mm,0.40323
672,19.760264mm,19.69089mm,11.904165mm,0.094205709mm,39.703177mm,0.40331
303,15.074734mm,19.116117mm,11.814117mm,0.096221077mm,39.116117mm,0.40339
375,12.126028mm,19.392785mm,11.782902mm,0.11624409mm,39.46868mm,0.40344
295,14.120904mm,18.450712mm,11.972973mm,0.10433399mm,38.751968mm,0.40398
79,14.239379mm,20mm,11.981123mm,0.086702773mm,40mm,0.40401
660,19.151613mm,18.813815mm,11.751663mm,0.10128472mm,39.999529mm,0.4042
128,18.854496mm,19.419555mm,12mm,0.10653698mm,38.172211mm,0.40442
980,14.352745mm,19.321279mm,11.852498mm,0.099562518mm,38.138657mm,0.40461
543,13.661421mm,18.793704mm,11.73438mm,0.11846086mm,39.065652mm,0.40486
67,13.824416mm,18.750005mm,11.750384mm,0.10693369mm,38.755675mm,0.40509
449,11.473932mm,19.896804mm,11.927818mm,0.11928236mm,39.650827mm,0.40525
323,14.335667mm,18.069544mm,11.768377mm,0.12290401mm,39.998253mm,0.40545
819,16.019996mm,19.918317mm,11.977172mm,0.13995807mm,39.894481mm,0.40582
356,14.271584mm,20mm,11.5344mm,0.13538002mm,40mm,0.40614
664,12.668159mm,19.37803mm,11.875607mm,0.13100585mm,39.767172mm,0.40623
54,19.126107mm,18.770032mm,11.989189mm,0.092826545mm,39.998314mm,0.40678
197,18.61527mm,18.337725mm,11.877346mm,0.10930264mm,39.415697mm,0.40682
808,14.231714mm,18.674703mm,11.789404mm,0.099424987mm,38.667218mm,0.40727
959,18.575115mm,18.81347mm,11.855662mm,0.10623136mm,38.821514mm,0.40755
60,17.784144mm,18.751141mm,11.783939mm,0.10141537mm,38.886755mm,0.40756
684,17.554453mm,19.970279mm,11.844187mm,0.1384165mm,39.844417mm,0.40804
666,19.151613mm,18.813815mm,11.751663mm,0.10128472mm,39.374529mm,0.40809
926,13.558538mm,19.633525mm,10.686671mm,0.11620692mm,39.662201mm,0.40817
278,19.179047mm,18.822103mm,11.785285mm,0.09703287mm,39.584907mm,0.40843
362,14.517649mm,19.517417mm,11.875164mm,0.10993416mm,36.619791mm,0.40846
557,18.6875mm,18.780221mm,11.752222mm,0.098525593mm,39.373259mm,0.40847
805,19.136021mm,18.783784mm,11.872318mm,0.11023181mm,38.782844mm,0.40847
563,19.881303mm,19.367433mm,12mm,0.091618709mm,39.428562mm,0.40911
40,15.286451mm,18.755308mm,11.87295mm,0.12856709mm,38.761115mm,0.40915
44,20mm,19.020249mm,11.997832mm,0.1141904mm,38.753111mm,0.40938
667,16.942821mm,19.773114mm,11.939663mm,0.083525999mm,39.715158mm,0.40964
81,16.098334mm,18.556624mm,11.463177mm,0.10772978mm,38.556624mm,0.41024
455,18.373831mm,19.415787mm,11.112945mm,0.104705mm,39.378369mm,0.41053
302,14.472087mm,19.753871mm,11.509774mm,0.086518515mm,39.999953mm,0.41089
444,16.017749mm,18.032527mm,11.878301mm,0.1287968mm,39.580457mm,0.41095
821,16.019996mm,19.293317mm,11.852172mm,0.13745807mm,39.269481mm,0.41129
671,16.460151mm,18.227453mm,10.954651mm,0.1105356mm,40mm,0.41144
135,14.04296mm,19.447162mm,12mm,0.13089273mm,37.757647mm,0.4115
76,12.505396mm,18.750026mm,11.999993mm,0.11165301mm,37.323996mm,0.41158
296,15.314589mm,20mm,11.773595mm,0.12458624mm,36.517443mm,0.41168
540,19.5625mm,18.780221mm,11.752222mm,0.098525593mm,39.373259mm,0.41185
663,19.151613mm,18.813815mm,11.751663mm,0.10128472mm,38.749529mm,0.41202
536,16.11246mm,18.970266mm,11.753473mm,0.088342871mm,39.268423mm,0.41213
583,14.097247mm,19.645182mm,11.875519mm,0.13999804mm,39.37586mm,0.41215
398,19.963805mm,19.483067mm,11.513774mm,0.12692627mm,39.585664mm,0.41245
294,15.654299mm,18.752055mm,10.678653mm,0.10324395mm,40mm,0.41258
567,20mm,18.045618mm,12mm,0.097017221mm,40mm,0.41267
275,17.977151mm,19.0577mm,12mm,0.14mm,40mm,0.41273
564,19.998914mm,18.286031mm,11.999629mm,0.12055257mm,39.380715mm,0.4128
566,19.566098mm,19.468898mm,11.994302mm,0.10174039mm,37.198652mm,0.41403
121,19.122128mm,18.820933mm,11.413126mm,0.11151254mm,38.868762mm,0.41419
544,13.905354mm,19.41735mm,11.516417mm,0.14mm,40mm,0.4142
144,17.048398mm,19.382381mm,11.838524mm,0.13999942mm,39.38617mm,0.41469
923,16.196066mm,19.643089mm,11.416155mm,0.13999409mm,39.849143mm,0.41496
46,15.097284mm,18.132938mm,12mm,0.13884426mm,40mm,0.41518
335,15.007238mm,20mm,10.248188mm,0.098969878mm,40mm,0.41523
913,19.855525mm,19.416056mm,11.911556mm,0.13839404mm,39.669718mm,0.41541
149,13.100616mm,19.188646mm,11.883577mm,0.086753989mm,39.559853mm,0.41547
55,19.451901mm,18.773561mm,11.86666mm,0.1351122mm,40mm,0.41562
745,19.964278mm,19.977827mm,11.759279mm,0.13517151mm,38.75787mm,0.41569
555,19.565453mm,19.386444mm,11.875566mm,0.13750266mm,39.379859mm,0.4161
150,12.798728mm,19.95913mm,11.88315mm,0.084805544mm,39.447047mm,0.41621
345,19.124526mm,18.758581mm,11.239046mm,0.10975619mm,39.088191mm,0.41663
325,19.155013mm,19.12976mm,11.880381mm,0.13884558mm,39.661061mm,0.41666
291,18.146221mm,18.779616mm,10.9957mm,0.096337912mm,40mm,0.41683
956,13.558538mm,18.749641mm,10.686671mm,0.11620692mm,38.778317mm,0.41684
562,15.746941mm,19.837967mm,12mm,0.095589594mm,35.479551mm,0.41695
62,19.997128mm,18.820933mm,11.413126mm,0.11151254mm,38.868762mm,0.41698
346,13.982943mm,19.375mm,11.446634mm,0.14mm,39.596526mm,0.41714
571,19.562519mm,19.831845mm,10.904624mm,0.12411449mm,39.54333mm,0.41725
348,13.982943mm,19.375mm,11.446634mm,0.13646447mm,38.712642mm,0.41762
930,11.173952mm,19.39054mm,11.933102mm,0.13277723mm,39.397789mm,0.41783
981,11.641113mm,19.500204mm,11.959805mm,0.11598401mm,36.163272mm,0.41843
948,9.9814963mm,19.598873mm,11.602916mm,0.11315731mm,40mm,0.41859
134,13.041258mm,19.549862mm,11.816741mm,0.11337538mm,35.061207mm,0.41902
973,16.196066mm,18.921401mm,11.416155mm,0.13710734mm,39.127456mm,0.41907
568,20mm,18.571651mm,12mm,0.10316353mm,37.772753mm,0.41922
355,12.419069mm,20mm,11.074863mm,0.14mm,40mm,0.41924
687,14.619344mm,19.853563mm,10.728722mm,0.14mm,39.988026mm,0.41926
140,13.832446mm,19.382105mm,10.757634mm,0.13286379mm,39.376937mm,0.41937
292,19.999526mm,18.758581mm,11.239046mm,0.10975619mm,39.088191mm,0.41965
35,19.244937mm,19.111583mm,11.785209mm,0.13552742mm,38.832956mm,0.41994
969,19.195322mm,18.743802mm,11.716597mm,0.10597726mm,37.434537mm,0.42022
933,19.814041mm,18.743802mm,11.893374mm,0.10597726mm,37.434537mm,0.42039
282,12.482414mm,19.069833mm,12mm,0.14mm,39.177762mm,0.4209
326,19.506614mm,19.131354mm,11.992377mm,0.13846374mm,38.753448mm,0.4209
443,16.669074mm,16.432654mm,11.969382mm,0.10529421mm,39.412222mm,0.42105
169,11.666231mm,19.304153mm,11.698972mm,0.13585852mm,39.237118mm,0.42108
815,17.750951mm,18.437202mm,11.964134mm,0.10531242mm,36.670198mm,0.42127
334,16.701622mm,19.1276mm,10.57089mm,0.09929943mm,38.781299mm,0.42186
688,14.619344mm,19.492719mm,10.728722mm,0.13855662mm,39.627182mm,0.42316
301,18.449918mm,18.769758mm,11.752962mm,0.10077232mm,36.752734mm,0.42341
57,11.666231mm,19.304153mm,11.875748mm,0.13939405mm,39.237118mm,0.42411
932,19.709554mm,17.005678mm,11.896127mm,0.10169999mm,39.557827mm,0.42499
331,18.308088mm,19.199459mm,10.846664mm,0.10840361mm,37.748835mm,0.42541
673,13.032269mm,19.999059mm,9.8169929mm,0.097183581mm,39.999938mm,0.42554
560,10.433145mm,19.396381mm,12mm,0.093630112mm,39.302367mm,0.42573
812,11.558737mm,19.695815mm,10.987727mm,0.088631732mm,40mm,0.42581
288,19.999751mm,19.212187mm,10.689224mm,0.11716133mm,38.932064mm,0.42677
940,19.998278mm,18.403929mm,11.880822mm,0.1254353mm,37.622971mm,0.4275
329,18.751243mm,20mm,9.9104672mm,0.10783766mm,40mm,0.42781
330,14.555774mm,19.999695mm,11.346156mm,0.13999878mm,36.922316mm,0.42806
822,19.998584mm,19.582928mm,10.9495mm,0.13764076mm,39.595104mm,0.42866
545,15.235317mm,19.808474mm,9.5427279mm,0.11410044mm,39.789747mm,0.42959
373,10.064348mm,19.376841mm,11.638029mm,0.095418397mm,39.375076mm,0.42966
438,18.822547mm,18.997885mm,11.361564mm,0.082144625mm,39.412481mm,0.43082
377,18.367781mm,19.912666mm,10.469885mm,0.14mm,39.803818mm,0.43168
146,17.844653mm,19.42413mm,11.883147mm,0.074447281mm,39.423123mm,0.43301
954,13.573469mm,16.544717mm,11.230205mm,0.11410138mm,37.541234mm,0.43334
916,12.890361mm,19.862823mm,10.948827mm,0.14mm,36.935775mm,0.43335
105,18.462313mm,17.993549mm,11.561602mm,0.13105528mm,37.714922mm,0.43389
328,12.613699mm,19.40905mm,10.022409mm,0.13519125mm,39.197412mm,0.43486
421,19.894537mm,18.31659mm,11.745951mm,0.13325536mm,37.689736mm,0.43553
425,18.72399mm,18.01332mm,11.768771mm,0.1339916mm,37.635414mm,0.43585
388,19.999218mm,19.462698mm,11.955466mm,0.12765701mm,35.179995mm,0.43645
289,16.339246mm,18.750014mm,10.987542mm,0.097932755mm,36.065406mm,0.43658
73,12.642885mm,17.124321mm,10.052641mm,0.11039978mm,38.757638mm,0.43787
909,19.350922mm,19.428772mm,11.911902mm,0.071819034mm,39.997508mm,0.43826
936,14.566193mm,19.413933mm,11.409686mm,0.10305543mm,33.07901mm,0.43878
381,13.969259mm,17.380687mm,11.999996mm,0.10557694mm,34.54641mm,0.43936
662,19.193155mm,19.25031mm,11.951421mm,0.071171319mm,39.935423mm,0.44038
579,12.613699mm,18.15905mm,10.022409mm,0.13519125mm,39.197412mm,0.44139
965,19.703874mm,19.478912mm,10.608703mm,0.14mm,38.870671mm,0.44176
354,10.981418mm,16.272721mm,11.999883mm,0.13800869mm,39.390032mm,0.44206
395,10.981418mm,16.272721mm,11.874883mm,0.13800869mm,39.390032mm,0.44287
911,19.350922mm,18.803772mm,11.786902mm,0.074319034mm,39.372508mm,0.44333
921,19.999408mm,19.400385mm,9.9565448mm,0.12678301mm,39.42174mm,0.44391
974,16.305905mm,19.420956mm,11.876561mm,0.12529157mm,32.72292mm,0.44478
59,19.999031mm,18.789332mm,9.9511366mm,0.11707521mm,39.493143mm,0.44499
989,18.568298mm,18.310738mm,11.688295mm,0.07629117mm,38.879474mm,0.44504
380,18.610746mm,19.396886mm,11.883421mm,0.07000921mm,39.402317mm,0.44595
558,19.648358mm,19.446694mm,11.905384mm,0.07733612mm,36.842071mm,0.44602
422,18.367781mm,18.469291mm,10.469885mm,0.1342265mm,38.360442mm,0.44648
65,20mm,20mm,11.503299mm,0.086370661mm,35.14991mm,0.44686
970,15.329126mm,19.398073mm,11.094376mm,0.073150951mm,39.394691mm,0.44745
342,18.449918mm,17.001992mm,11.399409mm,0.10077232mm,36.752734mm,0.44761
576,18.929028mm,17.795848mm,11.417636mm,0.13499056mm,37.045674mm,0.4479
823,16.991495mm,19.852812mm,9.6644032mm,0.13943403mm,39.534655mm,0.44831
47,15.851874mm,14.380538mm,11.479346mm,0.12388809mm,40mm,0.44849
393,9.534581mm,20mm,10.376591mm,0.11840876mm,35.143937mm,0.44905
982,10.395634mm,19.734992mm,9.8559529mm,0.099634667mm,36.323707mm,0.44907
77,8.2357641mm,19.999501mm,11.999291mm,0.10536082mm,38.988812mm,0.44912
64,16.359868mm,19.177876mm,11.99949mm,0.13996467mm,33.738799mm,0.4498
340,18.06534mm,17.370756mm,10.546077mm,0.14mm,40mm,0.45047
38,19.687078mm,19.438478mm,11.77994mm,0.07mm,39.164205mm,0.45113
372,18.929028mm,17.795848mm,11.417636mm,0.13999056mm,37.045674mm,0.45266
681,10.747503mm,19.731416mm,10.980121mm,0.13999819mm,35.357585mm,0.45275
551,10.639935mm,19.378354mm,12mm,0.12829961mm,32.23421mm,0.45342
985,12.102638mm,19.474189mm,12mm,0.070076579mm,40mm,0.4555
947,12.889197mm,19.806731mm,11.672439mm,0.14mm,32.019582mm,0.4563
336,13.700565mm,15.918711mm,9.5121596mm,0.10506306mm,39.999966mm,0.4566
339,13.025401mm,20mm,9.6094593mm,0.085046903mm,37.61894mm,0.45753
931,16.864348mm,17.255921mm,11.906946mm,0.070012124mm,39.764283mm,0.45765
74,20mm,14.516338mm,11.644528mm,0.11063002mm,40mm,0.46059
986,10.395634mm,17.234992mm,9.8559529mm,0.099634667mm,36.323707mm,0.46115
116,10.884952mm,20mm,11.697529mm,0.07626468mm,36.885949mm,0.46126
396,8.4083479mm,16.545749mm,11.117607mm,0.13160249mm,39.696891mm,0.46268
118,19.381282mm,14.516338mm,11.644528mm,0.11063002mm,39.116117mm,0.46311
811,10.884952mm,19.375mm,11.697529mm,0.07626468mm,36.885949mm,0.46319
577,19.302592mm,19.532074mm,9.98427mm,0.098038775mm,35.844631mm,0.46322
809,19.996655mm,19.407526mm,10.959891mm,0.07091715mm,39.757245mm,0.46411
43,19.989522mm,19.224125mm,11.823287mm,0.11143919mm,31.883405mm,0.46437
802,19.121238mm,18.835346mm,10.002302mm,0.085080217mm,38.751933mm,0.46455
338,10.938616mm,18.778214mm,8.6716344mm,0.12035965mm,38.618254mm,0.46474
361,13.328514mm,19.399665mm,11.888528mm,0.11040299mm,29.186023mm,0.46684
166,10.884952mm,18.75mm,11.697529mm,0.07626468mm,36.885949mm,0.46692
574,12.281598mm,13.137084mm,10.638149mm,0.1057753mm,39.490896mm,0.46823
78,15.79195mm,19.230545mm,9.8691522mm,0.11980472mm,33.25491mm,0.46879
987,19.992516mm,14.473738mm,11.998526mm,0.099111455mm,38.80911mm,0.46888
33,19.996238mm,18.835346mm,10.002302mm,0.085080217mm,38.751933mm,0.46965
445,9.3385046mm,19.724901mm,11.137592mm,0.10310347mm,30.838672mm,0.47018
939,12.619309mm,13.12514mm,11.471059mm,0.13212796mm,39.666774mm,0.4705
689,15.171264mm,17.80126mm,10.342487mm,0.13879558mm,34.749657mm,0.47158
283,18.474115mm,19.039356mm,11.104016mm,0.07000316mm,37.505844mm,0.47397
561,20mm,19.375mm,9.6213745mm,0.11276126mm,35.793056mm,0.47571
300,7.1123162mm,17.700463mm,12mm,0.10785581mm,40mm,0.47746
350,15.513567mm,13.06845mm,11.962329mm,0.13842913mm,39.599827mm,0.47753
799,12.954601mm,17.814433mm,9.9742329mm,0.075773828mm,38.556239mm,0.4785
41,10.724557mm,18.777429mm,10.613973mm,0.12976858mm,31.000517mm,0.47965
358,9.8291387mm,18.071193mm,12mm,0.12296071mm,30.590728mm,0.48021
147,12.954601mm,19.257809mm,9.9742329mm,0.070000325mm,39.999615mm,0.48179
63,12.226054mm,19.138903mm,11.750445mm,0.077628964mm,31.282227mm,0.48285
349,19.998446mm,19.70114mm,10.31352mm,0.1389827mm,33.692123mm,0.48456
944,8.2865415mm,19.729372mm,11.9074mm,0.098356754mm,31.354791mm,0.48465
679,14.709559mm,20mm,10.484033mm,0.072618857mm,34.113936mm,0.48531
668,19.79325mm,14.050988mm,11.973802mm,0.090889343mm,38.323608mm,0.48673
119,17.784822mm,17.627204mm,11.999997mm,0.075532346mm,33.354379mm,0.48775
194,18.985875mm,17.39197mm,10.002302mm,0.085080217mm,37.308557mm,0.48789
816,16.431096mm,19.699641mm,9.9601294mm,0.072214861mm,37.107375mm,0.48803
45,15.485363mm,14.756046mm,11.537426mm,0.14mm,35.770915mm,0.4884
192,8.2691321mm,14.3006mm,10.493198mm,0.13752106mm,39.382439mm,0.48915
431,8.2691321mm,14.3006mm,10.493198mm,0.13398553mm,38.498555mm,0.48988
304,18.662597mm,20mm,12mm,0.0801381mm,29.965118mm,0.49
235,6.75mm,18.399978mm,11.524339mm,0.11304869mm,36.705925mm,0.49195
293,19.999796mm,18.86717mm,10.665012mm,0.09392921mm,32.181056mm,0.49195
655,13.875685mm,19.053615mm,8.1245982mm,0.13271784mm,39.092841mm,0.49521
69,13.875685mm,19.053615mm,8.1245982mm,0.13771784mm,39.092841mm,0.49868
565,19.573606mm,13.33613mm,11.411147mm,0.13999566mm,40mm,0.49874
102,12.226054mm,17.371136mm,11.396891mm,0.077628964mm,31.282227mm,0.50154
533,18.662597mm,19.116117mm,11.823223mm,0.0801381mm,29.965118mm,0.50278
353,6.9380252mm,19.375mm,12mm,0.13714956mm,33.751974mm,0.50432
968,19.71282mm,19.754256mm,11.929805mm,0.13932404mm,29.080406mm,0.50458
327,10.755022mm,17.059035mm,8.0660253mm,0.13565673mm,39.962001mm,0.50552
141,6.0948728mm,19.656754mm,11.239249mm,0.12491032mm,39.760455mm,0.50759
659,18.762359mm,17.099403mm,10.665012mm,0.09392921mm,32.181056mm,0.50847
426,13.377966mm,18.831595mm,7.7206566mm,0.11354597mm,38.82327mm,0.51139
814,19.891247mm,19.957488mm,8.2267078mm,0.13883672mm,39.955505mm,0.51201
530,18.977289mm,18.327761mm,11.483157mm,0.12751532mm,29.204582mm,0.51295
428,13.875685mm,17.610239mm,8.1245982mm,0.13194433mm,37.649465mm,0.51301
792,13.875685mm,17.285848mm,8.1245982mm,0.13271784mm,37.325074mm,0.51463
333,18.805096mm,16.262099mm,10.077153mm,0.07mm,39.696725mm,0.51683
796,18.662597mm,18.232233mm,11.646447mm,0.0801381mm,29.965118mm,0.51745
656,11.032474mm,20mm,8.282293mm,0.10413475mm,30.437035mm,0.51786
332,13.5595mm,19.224568mm,10.276209mm,0.10524653mm,26.510935mm,0.51941
559,19.574377mm,12.400286mm,11.504906mm,0.090229451mm,39.402897mm,0.52092
649,18.130435mm,15.85103mm,10.131037mm,0.076727987mm,36.50058mm,0.52092
452,18.977289mm,18.327761mm,11.483157mm,0.13751532mm,29.204582mm,0.52136
786,16.479652mm,15.345954mm,9.9411013mm,0.074005181mm,37.733564mm,0.52152
392,8.632638mm,19.459148mm,10.681567mm,0.070017087mm,39.440872mm,0.52277
200,8.7760877mm,19.454332mm,7.3879572mm,0.10998704mm,39.499654mm,0.52335
419,7.2015871mm,17.418738mm,11.388635mm,0.08270939mm,37.761613mm,0.52344
901,6.6749369mm,16.703287mm,10.495126mm,0.13292893mm,33.017194mm,0.52479
198,11.353514mm,19.019055mm,11.920618mm,0.13751037mm,26.015068mm,0.52521
527,5.882625mm,17.887294mm,11.534443mm,0.13551383mm,37.637633mm,0.52585
337,17.062089mm,17.372906mm,8.0161768mm,0.099045844mm,39.483436mm,0.52765
652,13.377966mm,17.063828mm,7.7206566mm,0.11354597mm,37.055503mm,0.52958
785,6.7374422mm,18.749514mm,8.3367325mm,0.13494043mm,38.74738mm,0.5299
676,20mm,15.008154mm,12mm,0.12487863mm,32.244945mm,0.53118
538,7.1641869mm,15.384537mm,10.250593mm,0.13999177mm,32.928727mm,0.53167
127,19.880435mm,15.85103mm,10.131037mm,0.076727987mm,36.50058mm,0.53343
287,8.079581mm,20mm,7.6125041mm,0.10406092mm,34.441684mm,0.53528
840,11.73083mm,14.896076mm,9.3977106mm,0.10721696mm,30.653602mm,0.53579
210,6.0442276mm,17.658587mm,9.0558381mm,0.10205085mm,37.652921mm,0.53773
952,12.952924mm,9.9879044mm,11.226045mm,0.094355503mm,40mm,0.54128
904,5.612281mm,19.089066mm,9.6832684mm,0.13509213mm,40mm,0.54661
285,19.929407mm,12.855565mm,11.761825mm,0.07015985mm,38.820278mm,0.54982
130,5.2939653mm,19.814478mm,11.99023mm,0.13897854mm,39.64992mm,0.55193
167,7.3242061mm,10.483832mm,11.848189mm,0.092916236mm,39.999729mm,0.55283
482,7.0302997mm,16.951883mm,11.711325mm,0.075773503mm,38.556624mm,0.55286
849,19.030376mm,18.546466mm,11.801279mm,0.071986699mm,28.146775mm,0.55468
286,10.371054mm,19.99989mm,8.5958017mm,0.12523095mm,25.187595mm,0.55696
946,8.4227787mm,11.495338mm,8.0497455mm,0.13536504mm,40mm,0.56061
273,5.8624422mm,19.999514mm,8.3367325mm,0.13994043mm,39.99738mm,0.56085
212,5.1000012mm,19.005328mm,11.75805mm,0.13998596mm,38.755667mm,0.56184
160,6.0118466mm,12.688333mm,8.6652288mm,0.13375176mm,38.014953mm,0.56206
126,5.4375mm,16.703287mm,10.495126mm,0.14mm,33.017194mm,0.56436
132,5mm,18.399978mm,11.524339mm,0.11304869mm,36.705925mm,0.56444
924,7.0957722mm,11.792617mm,8.5092707mm,0.097179756mm,38.39701mm,0.56465
925,7.0644404mm,11.798575mm,8.5199456mm,0.097013245mm,38.331144mm,0.56474
218,6.5601139mm,13.84675mm,11.673046mm,0.080506069mm,38.265859mm,0.56602
976,19.57468mm,12.130224mm,10.31773mm,0.12884932mm,36.818741mm,0.56899
584,19.981788mm,10.511733mm,11.938277mm,0.094732015mm,39.774175mm,0.57164
960,20mm,11.609101mm,11.878217mm,0.14mm,37.142401mm,0.57295
646,10.371054mm,18.74989mm,8.5958017mm,0.12523095mm,25.187595mm,0.57457
783,7.7458005mm,17.010462mm,8.1810945mm,0.075906131mm,39.179004mm,0.57459
850,17.280376mm,16.046466mm,11.301279mm,0.081986699mm,28.146775mm,0.5749
113,7.0302997mm,16.951883mm,12mm,0.07mm,40mm,0.57527
896,13.547581mm,14.394414mm,7.4135285mm,0.13084138mm,38.232233mm,0.57807
24,13.547581mm,14.394414mm,7.4135285mm,0.13084138mm,38.232233mm,0.57807
30,6.75mm,16.256435mm,7.8170185mm,0.10608552mm,30.651253mm,0.57844
550,5.9273905mm,18.712552mm,10.540132mm,0.11943104mm,26.006787mm,0.57957
22,13.547581mm,14.394414mm,7.4135285mm,0.13791244mm,40mm,0.57975
191,5.5083372mm,10.713518mm,11.739207mm,0.13520895mm,38.838263mm,0.58105
170,10.45553mm,8.5421562mm,11.998618mm,0.12284829mm,39.628448mm,0.58267
524,13.547581mm,14.394414mm,7.4135285mm,0.13437691mm,39.116117mm,0.58332
478,11.459695mm,14.152454mm,8.3041383mm,0.097772854mm,30.93523mm,0.58339
966,13.438753mm,11.988094mm,8.7343108mm,0.12402349mm,34.835925mm,0.58425
233,18.946149mm,20mm,10.368893mm,0.072891626mm,26.509536mm,0.58701
457,12.189407mm,20mm,8.14898mm,0.13311476mm,25.298198mm,0.58812
120,5.3086721mm,19.596435mm,10.540132mm,0.11943104mm,26.006787mm,0.5891
56,5.0338646mm,19.101963mm,9.0558381mm,0.10205085mm,39.096297mm,0.58923
148,14.058199mm,9.7551355mm,12mm,0.07mm,40mm,0.59092
674,13.908401mm,11.36698mm,11.999938mm,0.080812765mm,33.155272mm,0.59164
154,5.0014836mm,12.688333mm,8.6652288mm,0.13952526mm,39.458328mm,0.59336
298,19.875692mm,19.895577mm,9.4365897mm,0.13543962mm,26.027533mm,0.5941
13,5.619945mm,19.115727mm,8.4085972mm,0.10835226mm,26.412167mm,0.59492
456,12.903478mm,19.606406mm,8.1668586mm,0.13538658mm,25.471035mm,0.59504
42,5.0031557mm,10.713518mm,11.883545mm,0.13520895mm,39.559951mm,0.59531
98,5.875mm,16.256435mm,7.8170185mm,0.10608552mm,30.651253mm,0.59582
238,8.4569426mm,20mm,9.9783237mm,0.07mm,25.614919mm,0.5969
236,5.7869581mm,19.202738mm,11.763688mm,0.078900467mm,38.790774mm,0.59801
961,16.962818mm,19.993818mm,7.6723712mm,0.11221183mm,29.539672mm,0.59892
548,13.157795mm,11.144729mm,11.620939mm,0.11221455mm,31.461178mm,0.60024
521,12.189407mm,18.75mm,8.14898mm,0.13311476mm,25.298198mm,0.60043
122,19.568668mm,10.577961mm,10.520916mm,0.082315604mm,39.999573mm,0.60106
305,7.0855192mm,19.824443mm,11.929028mm,0.13998391mm,22.279604mm,0.60206
133,16.352576mm,9.4780683mm,11.108749mm,0.13750029mm,39.375129mm,0.60264
53,18.249698mm,14.4699mm,10.674221mm,0.1108443mm,28.334579mm,0.6053
157,6.2232295mm,18.555621mm,8.8912659mm,0.075773503mm,34.80938mm,0.60559
207,18.331232mm,10.577961mm,10.520916mm,0.082315604mm,38.231807mm,0.60914
971,8.1930307mm,13.304627mm,8.8119402mm,0.070007465mm,34.675282mm,0.61015
343,6.7490356mm,14.38386mm,9.7791893mm,0.13256952mm,25.943316mm,0.61097
611,7.0855192mm,18.381067mm,11.640353mm,0.1342104mm,22.279604mm,0.61121
389,19.459481mm,19.99992mm,7.8887819mm,0.10270678mm,29.859197mm,0.61138
647,5mm,19.416233mm,7.9664204mm,0.14mm,31.315803mm,0.6127
616,12.903478mm,17.838639mm,8.1668586mm,0.12831552mm,25.471035mm,0.61319
608,18.596125mm,17.842335mm,7.8477117mm,0.076585596mm,37.508285mm,0.61455
20,19.124698mm,14.4699mm,10.674221mm,0.1108443mm,28.334579mm,0.61533
206,19.669281mm,19.176765mm,7.5080023mm,0.13651029mm,32.824385mm,0.61579
11,5.0012265mm,19.99961mm,8.4085972mm,0.10835226mm,26.412167mm,0.61637
322,18.658918mm,17.73339mm,7.5080023mm,0.13073678mm,32.824385mm,0.61934
780,6.010363mm,15.720654mm,8.5221332mm,0.075776418mm,38.556624mm,0.6202
17,5mm,16.256435mm,7.8170185mm,0.10608552mm,30.651253mm,0.62164
232,6.4566037mm,10.113102mm,11.370794mm,0.080281886mm,37.697094mm,0.62219
195,19.766351mm,11.096318mm,8.9084632mm,0.14mm,39.331395mm,0.62374
19,19.999698mm,14.4699mm,10.674221mm,0.1108443mm,28.334579mm,0.62376
352,17.583873mm,20mm,7.843226mm,0.10399407mm,27.617117mm,0.62427
106,7.5459242mm,7.745783mm,9.3243771mm,0.12146008mm,39.524171mm,0.62578
883,6.3611426mm,18.635435mm,6.4573161mm,0.13346067mm,38.244856mm,0.63347
418,5.6363395mm,19.654806mm,11.835848mm,0.073765118mm,39.997681mm,0.63417
833,17.559787mm,18.23176mm,8.5229292mm,0.080694559mm,27.828005mm,0.63541
642,17.559787mm,19.999527mm,8.5229292mm,0.073623491mm,27.828005mm,0.63565
190,19.606488mm,17.842335mm,7.8477117mm,0.070812093mm,38.95166mm,0.63697
217,5.549751mm,13.84675mm,11.961722mm,0.074732566mm,38.265859mm,0.63823
58,19.456136mm,19.852582mm,7.7120518mm,0.07247033mm,37.578393mm,0.63829
360,13.080817mm,19.457559mm,11.993607mm,0.07mm,21.238163mm,0.63875
522,11.81232mm,10.986618mm,8.3897635mm,0.14mm,32.917676mm,0.64304
605,18.717622mm,10.80432mm,11.711229mm,0.077288002mm,34.43657mm,0.64609
26,5mm,18.785722mm,6.7257709mm,0.13530311mm,35.483388mm,0.65031
95,6.6749369mm,13.53097mm,9.2662075mm,0.077071068mm,27.718992mm,0.65127
188,7.5459242mm,7.745783mm,9.3243771mm,0.12146008mm,37.024171mm,0.65192
829,13.080817mm,18.014184mm,11.704932mm,0.075773503mm,21.238163mm,0.65288
111,18.76598mm,20mm,11.909929mm,0.098498848mm,20.24426mm,0.65874
890,5.0930391mm,10.760338mm,8.7298787mm,0.0887723mm,34.416451mm,0.66307
16,19.727985mm,10.80432mm,11.999904mm,0.071514499mm,34.43657mm,0.66647
727,5mm,17.674007mm,6.4079101mm,0.13040728mm,39.987295mm,0.66733
604,5.3058453mm,19.827839mm,11.789659mm,0.071848426mm,39.302965mm,0.66978
153,17.52172mm,8.7430254mm,11.999748mm,0.094140903mm,37.062479mm,0.67411
9,10.884834mm,16.706301mm,6.9185773mm,0.098337145mm,27.269278mm,0.67515
297,8.5620202mm,19.584436mm,11.855896mm,0.10559467mm,18.069104mm,0.67527
531,20mm,11.810205mm,7.746105mm,0.095091395mm,40mm,0.67585
838,5.4293885mm,19.322044mm,7.5317362mm,0.10450728mm,21.505228mm,0.67616
519,5.2997302mm,20mm,7.4782031mm,0.12861228mm,21.488354mm,0.67722
826,18.762563mm,11.810205mm,7.746105mm,0.095091395mm,38.232233mm,0.6775
222,5.4462407mm,10.113102mm,11.370794mm,0.074508383mm,39.14047mm,0.67913
161,13.150469mm,19.052395mm,6mm,0.13094617mm,39.515485mm,0.68478
433,5.4013497mm,19.930253mm,9.2120533mm,0.10370464mm,19.146535mm,0.68594
824,7.9875446mm,17.623344mm,11.696966mm,0.13074069mm,19.113852mm,0.6863
204,5.6470831mm,19.619484mm,6.1852787mm,0.10849824mm,30.32658mm,0.68824
108,18.762563mm,12.746406mm,8.0211121mm,0.13292893mm,32.141543mm,0.68996
37,5.4150438mm,19.335459mm,11.829122mm,0.084318755mm,21.256519mm,0.6932
483,5.6881016mm,19.998385mm,8.5432928mm,0.08216502mm,20.960563mm,0.69442
221,6.010363mm,8.2536135mm,9.9015476mm,0.075779992mm,38.556624mm,0.69565
99,5.2128665mm,19.998997mm,8.8912659mm,0.07mm,34.80938mm,0.69598
979,19.999758mm,11.407211mm,7.7852359mm,0.090637703mm,39.922311mm,0.69809
137,8.5874402mm,9.3515217mm,11.905505mm,0.14mm,29.584639mm,0.69908
842,19.26064mm,8.5848416mm,11.876074mm,0.10832582mm,36.70316mm,0.70666
813,15.577mm,8.0996466mm,12mm,0.13878534mm,36.576944mm,0.70803
788,19.836004mm,19.629757mm,6.7695322mm,0.13515452mm,30.772936mm,0.70805
945,5mm,20mm,12mm,0.07mm,29.694021mm,0.70846
515,5.718669mm,19.234357mm,11.411914mm,0.13543878mm,18.388801mm,0.71017
68,20mm,12.746406mm,8.0211121mm,0.14mm,32.141543mm,0.71191
155,5mm,15.720654mm,8.5221332mm,0.070002916mm,40mm,0.71313
14,5.4375mm,13.53097mm,9.2662075mm,0.07mm,27.718992mm,0.7165
779,19.144136mm,18.823229mm,6.2357897mm,0.13971974mm,38.787451mm,0.7169
181,6.6874775mm,13.344338mm,11.537202mm,0.13085993mm,21.616585mm,0.72042
359,17.485181mm,9.2252495mm,8.1936535mm,0.086864588mm,40mm,0.7206
257,18.585198mm,18.052467mm,11.477721mm,0.13421389mm,20.137541mm,0.72079
556,13.08468mm,9.4091093mm,9.2214649mm,0.070033103mm,33.927029mm,0.7226
227,14.005841mm,16.114374mm,8.7621392mm,0.12594013mm,21.064013mm,0.72764
769,11.135413mm,11.606994mm,8.3466832mm,0.094121905mm,25.843036mm,0.73002
299,13.98892mm,11.742256mm,7.7829042mm,0.07461386mm,32.591605mm,0.73049
12,18.969326mm,19.398049mm,6.0642716mm,0.13686761mm,39.856418mm,0.73189
252,6.0317615mm,17.721629mm,9.6910764mm,0.13190229mm,17.824826mm,0.73354
549,8.0309675mm,19.375mm,9.1160907mm,0.14mm,17.126435mm,0.73385
196,14.005841mm,16.114374mm,8.7621392mm,0.13594013mm,21.064013mm,0.73422
103,19.595561mm,18.052467mm,11.766396mm,0.13998739mm,20.137541mm,0.73496
107,5.4500406mm,13.344338mm,11.890755mm,0.13085993mm,21.616585mm,0.73526
889,6.128724mm,19.770549mm,6.2372321mm,0.079779836mm,39.56998mm,0.73615
818,10.907481mm,7.6112146mm,7.6906746mm,0.087258062mm,39.694425mm,0.73618
413,19.388423mm,17.582735mm,6.2318021mm,0.13491698mm,38.611929mm,0.73652
472,6.4708602mm,18.458235mm,6.2304499mm,0.078978182mm,37.677121mm,0.73671
967,12.1775mm,8.8465759mm,10.540328mm,0.13114338mm,30.418755mm,0.73733
626,6.3885362mm,8.4899455mm,6.4253456mm,0.13384391mm,38.400242mm,0.7383
100,5.0213985mm,19.165005mm,9.6910764mm,0.1376758mm,17.824826mm,0.7383
51,7.097893mm,7.4796752mm,6.8466778mm,0.10261708mm,39.999928mm,0.74118
782,19.752588mm,19.85498mm,6.0618558mm,0.13626365mm,39.398346mm,0.74254
25,20mm,13.824474mm,6.634585mm,0.11360221mm,38.782479mm,0.74442
513,19.122451mm,17.86248mm,6.7559912mm,0.079141459mm,37.953176mm,0.74536
606,14.967005mm,19.999052mm,10.777866mm,0.12468444mm,17.099801mm,0.74841
572,6.2133581mm,10.940978mm,11.6547mm,0.093820524mm,24.229745mm,0.7508
223,19.997451mm,19.11248mm,6.7559912mm,0.074141459mm,39.203176mm,0.75157
256,20mm,20mm,6mm,0.13372365mm,40mm,0.75248
308,10.907122mm,7.1735932mm,7.9781213mm,0.085171913mm,39.461702mm,0.75323
211,18.245553mm,20mm,7.3594721mm,0.094147737mm,23.838014mm,0.75541
254,11.847142mm,19.049708mm,6.2076693mm,0.074313651mm,39.003733mm,0.75599
528,14.058703mm,16.072382mm,11.999755mm,0.099025844mm,18.990118mm,0.75895
319,5.5135362mm,8.4899455mm,6.1753456mm,0.13884391mm,39.650242mm,0.76
28,5mm,8.2536135mm,9.9015476mm,0.07000649mm,40mm,0.76141
508,6.5471953mm,12.493994mm,6.4177472mm,0.077751023mm,34.663732mm,0.76414
514,19.142257mm,19.964411mm,7.6880958mm,0.07475987mm,24.742487mm,0.76695
249,10.899139mm,17.998113mm,6.2887823mm,0.13134694mm,24.155311mm,0.77261
432,11.060969mm,6.8841817mm,12mm,0.14mm,35.389375mm,0.77351
938,14.531648mm,7.4715561mm,7.8872906mm,0.095253228mm,39.998679mm,0.77389
937,14.550648mm,7.4629822mm,7.8887194mm,0.095064066mm,40mm,0.77551
678,18.144225mm,18.79668mm,11.986908mm,0.09849548mm,17.762642mm,0.77677
695,16.895626mm,16.476918mm,9.8801343mm,0.082943848mm,20.265954mm,0.77717
39,20mm,7.2242648mm,11.836052mm,0.13680358mm,40mm,0.7779
778,5.830829mm,18.550595mm,6.2422955mm,0.12474674mm,20.096839mm,0.78758
215,18.245553mm,17.5mm,7.3594721mm,0.094147737mm,23.838014mm,0.79348
213,19.623046mm,19.061505mm,6mm,0.10355617mm,39.165258mm,0.79963
219,5.7987297mm,7.8398676mm,7.6454474mm,0.073283325mm,34.468375mm,0.80013
5,6.7871181mm,8.9905393mm,6.8450728mm,0.12661153mm,27.598456mm,0.8044
351,20mm,13.906007mm,11.948946mm,0.089292388mm,22.228148mm,0.8068
735,10.642313mm,18.783541mm,6.0891657mm,0.089380882mm,26.14781mm,0.80742
230,17.667215mm,17.971141mm,6mm,0.13738619mm,32.657156mm,0.80751
186,10.899139mm,19.441488mm,6.0001071mm,0.13712045mm,24.155311mm,0.81013
31,17.901312mm,19.99989mm,9.3856298mm,0.13999721mm,17.424898mm,0.81052
634,17.07216mm,17.751428mm,6.3495463mm,0.078430468mm,36.434425mm,0.81542
314,5.8232027mm,19.932841mm,6.0985561mm,0.071457353mm,39.380986mm,0.81545
32,5.6882364mm,19.576269mm,6.0068431mm,0.074506046mm,38.795155mm,0.81795
766,19.999746mm,17.874009mm,9.6195221mm,0.084117954mm,19.4295mm,0.81959
525,14.906708mm,7.1153039mm,8.949077mm,0.12663645mm,35.486801mm,0.82653
479,17.07216mm,19.519195mm,6.3495463mm,0.0713594mm,36.434425mm,0.83025
259,13.207901mm,18.865472mm,6.2313598mm,0.074598279mm,30.551593mm,0.83109
175,6.234418mm,18.574475mm,6.2526221mm,0.076323647mm,23.027266mm,0.83221
18,7.2663148mm,18.097147mm,8.6743027mm,0.11831143mm,15.033681mm,0.83363
623,12.332529mm,9.8908908mm,6.6006966mm,0.074671322mm,39.208896mm,0.83451
117,16.658363mm,19.800991mm,11.95195mm,0.07mm,16.341143mm,0.8362
610,19.79424mm,19.174687mm,10.546384mm,0.073044163mm,17.876216mm,0.84023
764,5.8553037mm,19.999918mm,8.3101449mm,0.076606175mm,15.536498mm,0.84331
460,19.128823mm,18.752723mm,9.5356821mm,0.072209849mm,18.626714mm,0.84392
640,5mm,19.530517mm,6.2283738mm,0.07mm,35.213916mm,0.84573
96,13.687441mm,20mm,8.2545541mm,0.074948479mm,17.114699mm,0.84655
653,15.390826mm,19.997844mm,8.8865209mm,0.11993565mm,15.803989mm,0.84934
87,17.901312mm,18.232123mm,9.3856298mm,0.13292615mm,17.424898mm,0.85006
983,17.230389mm,6.7391966mm,8.0926972mm,0.11546083mm,40mm,0.85007
176,5.5368323mm,12.493994mm,6.1290721mm,0.071977521mm,34.663732mm,0.85224
451,13.498732mm,13.83773mm,11.999366mm,0.088327124mm,18.978353mm,0.85256
4,8.5920743mm,7.6993011mm,6.9737999mm,0.12440565mm,30.049397mm,0.85303
450,13.507225mm,13.82169mm,11.99914mm,0.088258211mm,18.986448mm,0.85319
506,16.299411mm,19.999615mm,7.0683594mm,0.074970461mm,21.742817mm,0.86058
411,7.0796188mm,5.3453856mm,11.306849mm,0.12671377mm,36.54295mm,0.8635
469,13.687441mm,18.232233mm,8.2545541mm,0.082019547mm,17.114699mm,0.86395
597,16.299411mm,18.231848mm,7.0683594mm,0.082041529mm,21.742817mm,0.86446
463,16.643822mm,18.665549mm,7.0991984mm,0.13447057mm,19.398229mm,0.86541
810,5.3566147mm,19.476613mm,6mm,0.070265536mm,32.456211mm,0.86699
677,19.185122mm,16.625221mm,11.974138mm,0.11313938mm,17.711082mm,0.86976
759,6.2526275mm,8.2524041mm,6.2893293mm,0.076435597mm,37.940761mm,0.87146
90,18.989637mm,15.428408mm,11.711325mm,0.075773503mm,19.178791mm,0.87239
859,19.327854mm,18.021879mm,6.1478803mm,0.077629365mm,38.626091mm,0.8754
467,5mm,5.8151815mm,10.870919mm,0.13982719mm,33.251363mm,0.87657
593,10.695448mm,13.366422mm,11.570895mm,0.13051025mm,18.047925mm,0.88008
447,10.585356mm,13.395358mm,12mm,0.13806035mm,18.117521mm,0.8817
801,6.5102308mm,6.1997719mm,6.0494082mm,0.13780063mm,39.082914mm,0.88636
446,10.695448mm,13.366422mm,11.924449mm,0.13758131mm,18.047925mm,0.88748
509,10.425837mm,7.9419584mm,6.236563mm,0.093398959mm,37.313366mm,0.88938
827,19.47134mm,17.443037mm,8.1536785mm,0.13188785mm,18.728642mm,0.88991
763,5.4776344mm,12.022958mm,6mm,0.071052416mm,33.134204mm,0.8951
82,20mm,15.428408mm,12mm,0.07mm,19.178791mm,0.89914
268,13.176267mm,6.2950316mm,9.5423008mm,0.08mm,35.406213mm,0.90018
775,18.430828mm,15.077173mm,6.2864158mm,0.075237651mm,37.662485mm,0.9023
476,7.1125617mm,5.9576073mm,11.999374mm,0.07mm,34.714404mm,0.90895
52,5.359418mm,19.824475mm,6.0026221mm,0.071323647mm,23.027266mm,0.90942
590,17.59692mm,17.389922mm,6.3235938mm,0.080627448mm,28.166734mm,0.91747
958,5.4375mm,16.74543mm,6mm,0.072118456mm,23.109674mm,0.91831
591,5.001174mm,15.341154mm,7.240909mm,0.070266527mm,17.55437mm,0.92223
123,13.176267mm,6.2950316mm,9.5423008mm,0.07mm,35.406213mm,0.92658
601,15.974455mm,15.26051mm,8.7628353mm,0.094104697mm,17.688822mm,0.93386
439,12.481408mm,12.934355mm,11.951705mm,0.077817642mm,18.254559mm,0.9382
784,19.228476mm,13.909092mm,6.2204671mm,0.071815836mm,39.642562mm,0.94706
517,5.8390916mm,13.522634mm,10.806735mm,0.11373083mm,15.687669mm,0.94793
712,18.246511mm,7.7521227mm,8.2493326mm,0.11604213mm,31.571724mm,0.95562
201,6.2526275mm,8.2524041mm,6.0006542mm,0.070662094mm,39.384137mm,0.95618
742,12.189036mm,11.393362mm,11.524468mm,0.077071654mm,19.594154mm,0.95777
473,5mm,20mm,6mm,0.10994824mm,15.139739mm,0.9584
920,19.987637mm,6.3843644mm,8.1372516mm,0.10341445mm,39.378504mm,0.96691
189,5.8733117mm,11.69816mm,9.8102941mm,0.13502286mm,16.735252mm,0.96911
578,7.3828334mm,14.243023mm,6.1817603mm,0.074535657mm,20.346276mm,0.9717
397,20mm,20mm,12mm,0.14mm,14.454043mm,0.9719
442,12.189036mm,11.393362mm,11.878022mm,0.070000586mm,19.594154mm,0.97592
964,13.131005mm,11.064142mm,11.886417mm,0.13336511mm,19.611628mm,0.98852
630,5.9683753mm,4.1657061mm,11.811994mm,0.13699458mm,40mm,0.98923
756,18.762563mm,16.601841mm,8.2683479mm,0.13292893mm,16.926772mm,0.99104
635,19.136968mm,15.804579mm,6.1559115mm,0.14mm,23.877414mm,0.99117
246,19.305828mm,15.077173mm,6.0364158mm,0.070237651mm,38.912485mm,0.99781
690,19.996511mm,7.7521227mm,8.2493326mm,0.11604213mm,31.571724mm,0.99988
267,17.59692mm,18.833298mm,6.0349186mm,0.074853946mm,28.166734mm,1.009
917,19.993274mm,6.0059325mm,8.1950156mm,0.10402086mm,39.554346mm,1.01
617,6.8665711mm,5.8035382mm,11.50588mm,0.13837255mm,28.967015mm,1.0135
468,19.250709mm,7.9547371mm,6.2438469mm,0.13760528mm,39.992758mm,1.0143
740,20mm,16.601841mm,8.2683479mm,0.14mm,16.926772mm,1.0205
797,19.137327mm,9.7267107mm,7.9887826mm,0.10687414mm,25.157189mm,1.0311
399,15.012352mm,11.485336mm,10.27372mm,0.13345616mm,18.890985mm,1.037
174,12.322706mm,13.521572mm,6.1843367mm,0.074229892mm,23.137784mm,1.0435
836,5mm,4.6701764mm,11.048711mm,0.078922944mm,35.716964mm,1.0448
587,18.685431mm,18.435218mm,6.25mm,0.13498008mm,19.110339mm,1.0484
773,5.4016926mm,15.014311mm,11.886914mm,0.10008371mm,13.572661mm,1.0514
817,15.723937mm,12.704742mm,11.722627mm,0.13588951mm,17.392847mm,1.0584
131,19.83717mm,12.724022mm,6mm,0.07230166mm,39.489178mm,1.0588
318,5.8005412mm,11.836517mm,12mm,0.071955227mm,16.386469mm,1.0738
711,5.1120611mm,4.4294381mm,11.758172mm,0.070154648mm,38.204455mm,1.0816
855,18.34498mm,9.9361808mm,6.452606mm,0.13137351mm,26.896339mm,1.085
104,5.2963011mm,9.8356752mm,11.856531mm,0.074178591mm,18.405626mm,1.0897
781,6.9162271mm,12.975228mm,8.0325369mm,0.07000197mm,14.918378mm,1.0906
624,5.3725655mm,19.820296mm,6.1927195mm,0.13776859mm,11.970831mm,1.0911
255,19.560431mm,19.685218mm,6mm,0.13998008mm,19.110339mm,1.0955
178,19.977254mm,18.999311mm,6.248134mm,0.07420802mm,22.871413mm,1.1078
753,16.21181mm,13.747986mm,10.785878mm,0.12126278mm,15.71918mm,1.1089
159,5.4266056mm,19.382148mm,6.0464439mm,0.13800656mm,12.103163mm,1.1096
885,5.6789523mm,5.4393059mm,6.161879mm,0.078939401mm,32.48105mm,1.1155
990,19.991025mm,5.6885881mm,8.0099675mm,0.081321539mm,39.069016mm,1.1291
371,14.559111mm,7.4063686mm,9.3102895mm,0.14mm,25.083925mm,1.1296
771,5.6947554mm,4.9402835mm,7.2989624mm,0.13500277mm,28.244634mm,1.1329
880,6.6838709mm,4.4018363mm,6.0006333mm,0.093328653mm,40mm,1.1422
869,6.897514mm,3.5869637mm,10.35098mm,0.13915885mm,39.312306mm,1.143
367,14.44336mm,7.30767mm,9.3579731mm,0.13998863mm,24.91724mm,1.1457
470,5mm,6.3171864mm,6mm,0.075mm,27.417688mm,1.1591
184,19.42965mm,9.1615763mm,12mm,0.13777066mm,22.353625mm,1.1655
401,16.003246mm,9.3793395mm,10.427071mm,0.13963761mm,20.384599mm,1.1759
88,11.938079mm,18.767128mm,11.999888mm,0.12167181mm,11.191222mm,1.1824
502,12.911896mm,9.3376378mm,11.646267mm,0.080136588mm,19.130792mm,1.1905
650,19.71181mm,13.747986mm,10.785878mm,0.12126278mm,15.71918mm,1.1942
585,16.464957mm,4.4810713mm,8.253651mm,0.11637691mm,39.45801mm,1.1971
317,20mm,7.5747975mm,10.20231mm,0.074184248mm,26.67629mm,1.2009
91,9.8803382mm,18.84743mm,11.858334mm,0.07369476mm,10.944447mm,1.2011
187,12.911896mm,9.3376378mm,11.99982mm,0.073065521mm,19.130792mm,1.2059
638,9.0809017mm,6.145788mm,11.4673mm,0.13601709mm,24.425086mm,1.2125
71,5mm,4.8684048mm,11.829348mm,0.10181293mm,28.02685mm,1.2175
495,17.677964mm,5.6623959mm,6.6289934mm,0.089913653mm,38.407859mm,1.2214
29,5.4978034mm,8.0653208mm,12mm,0.13709296mm,18.257032mm,1.2273
750,6.5432787mm,3.5423661mm,6.2942992mm,0.10334634mm,38.75mm,1.2451
394,17.55792mm,9.9518956mm,9.9877249mm,0.070949262mm,19.535706mm,1.2465
588,20mm,6.1038893mm,6mm,0.14mm,40mm,1.2564
265,18.38695mm,5.5051983mm,6.6175927mm,0.12419086mm,36.815997mm,1.2567
505,5.875mm,4.6933757mm,6.2886751mm,0.075773503mm,30.973175mm,1.2613
768,11.785506mm,3.8566434mm,11.693251mm,0.13177436mm,37.947524mm,1.2712
475,14.798212mm,6.5688703mm,9.6783989mm,0.13mm,24.948612mm,1.2712
6,6.5480667mm,3.7413556mm,6.2312235mm,0.12087405mm,35.09899mm,1.2724
848,11.756647mm,4.1085933mm,6.3164029mm,0.12555712mm,40mm,1.273
378,14.798212mm,6.5688703mm,9.6783989mm,0.14mm,24.948612mm,1.2779
474,19.427964mm,5.6623959mm,6.6289934mm,0.089913653mm,38.407859mm,1.2915
596,5.875mm,3.229747mm,11.98809mm,0.1105778mm,38.91759mm,1.298
245,5.6784638mm,3.190886mm,11.949482mm,0.13600424mm,39.090299mm,1.2983
496,12.831593mm,3.7024421mm,9.2964975mm,0.13999619mm,39.187061mm,1.2996
2,9.0255287mm,5.0274056mm,6.8023469mm,0.13698904mm,27.022571mm,1.3242
272,5.5143712mm,3.1093176mm,11.754062mm,0.13565805mm,38.779018mm,1.3332
320,5.5496905mm,11.577745mm,6mm,0.11214807mm,12.872541mm,1.3434
790,15.368867mm,4.8982005mm,8.5934845mm,0.13471998mm,31.604011mm,1.3448
408,18.22187mm,17.927354mm,6.4955253mm,0.12387245mm,13.372922mm,1.3466
114,8.818088mm,3.910456mm,11.20414mm,0.092961796mm,33.058073mm,1.3528
717,18.051426mm,5.4692755mm,6.6232401mm,0.081805241mm,36.634171mm,1.3561
493,8.6561584mm,8.5600804mm,7.8334297mm,0.075979018mm,16.443784mm,1.3815
703,13.601062mm,4.5350937mm,6.5mm,0.08mm,37.085343mm,1.3833
407,19.232233mm,19.37073mm,6.2068502mm,0.12387245mm,13.372922mm,1.3858
739,5.1717746mm,2.9064929mm,11.770937mm,0.1362942mm,39.501932mm,1.3911
994,14.961128mm,12.037001mm,7.0522989mm,0.07mm,16.019774mm,1.3988
743,5.2687764mm,15.690202mm,8.1066816mm,0.072125545mm,10.035607mm,1.4021
891,6.7111811mm,2.9944092mm,10.147654mm,0.074024441mm,39.020941mm,1.4293
726,17.598364mm,7.0030644mm,10.999938mm,0.099740599mm,22.690567mm,1.4337
86,19.730377mm,19.886444mm,6.5849196mm,0.092572273mm,12.602277mm,1.4375
492,17.598364mm,7.0030644mm,11.499938mm,0.099740599mm,22.690567mm,1.4392
21,17.598364mm,7.0030644mm,11.999938mm,0.099740599mm,22.690567mm,1.4441
654,5.2147176mm,3.1649573mm,6.0920498mm,0.070005534mm,39.886138mm,1.4537
461,5.6216773mm,2.8467755mm,11.843444mm,0.1387642mm,39.094581mm,1.4552
622,5.7834752mm,3.1276249mm,6.2250645mm,0.074570916mm,38.292633mm,1.4675
553,18.295661mm,6.2666801mm,9.896042mm,0.07000645mm,25.663882mm,1.4682
8,9.2075411mm,3.319895mm,7.0375835mm,0.13097446mm,34.904282mm,1.4941
905,5.875mm,3.1517631mm,6mm,0.07mm,40mm,1.5005
546,14.790771mm,7.2755406mm,11.876563mm,0.094058958mm,20.139624mm,1.5016
547,14.846335mm,7.286021mm,11.999249mm,0.094087416mm,20.136034mm,1.5044
820,14.564639mm,6.1557906mm,11.852575mm,0.10035959mm,23.044982mm,1.5061
1,10mm,4mm,6.5mm,0.14mm,30.8mm,1.5088
723,18.096786mm,4.7176741mm,6.6888909mm,0.079729997mm,36.864764mm,1.5153
644,8.6586177mm,19.137848mm,6.1659757mm,0.080322437mm,9.6287763mm,1.5268
466,11.803995mm,3.680929mm,6.558504mm,0.12761284mm,34.89299mm,1.5269
907,5mm,2.9155259mm,6mm,0.075mm,38.985408mm,1.5303
50,11.803995mm,3.680929mm,6.558504mm,0.13261284mm,34.89299mm,1.5334
3,11.803995mm,3.680929mm,6.558504mm,0.13761284mm,34.89299mm,1.5336
193,5.4445277mm,19.779601mm,11.912842mm,0.13881919mm,8.1322836mm,1.5403
1000,5.9268676mm,2.7174092mm,6.0972306mm,0.13064749mm,37.670436mm,1.5567
757,5mm,6.5211161mm,6.4039914mm,0.13203593mm,15.985349mm,1.5693
760,8.7469137mm,5.6351923mm,8.7679165mm,0.11344082mm,20.128366mm,1.5739
489,16.92402mm,4.5527613mm,6.2886751mm,0.079259254mm,37.420986mm,1.5776
429,14.728986mm,3.8478843mm,6.0014412mm,0.12010502mm,38.776849mm,1.5788
751,5.7260649mm,2.7047395mm,10.600889mm,0.070008801mm,38.773932mm,1.5984
709,17.470385mm,4.932787mm,6.5026741mm,0.12113645mm,30.650463mm,1.6113
856,6.6942428mm,19.773209mm,6mm,0.07mm,8.8735695mm,1.6306
465,11.89179mm,2.9418727mm,11.851761mm,0.1398392mm,39.994935mm,1.6362
404,19.579313mm,20mm,10.222017mm,0.10196241mm,9.1454324mm,1.6467
993,18.834049mm,4.3512415mm,6.3996333mm,0.077333105mm,37.752205mm,1.6785
828,15.648983mm,3.2312598mm,11.766843mm,0.12837131mm,38.750415mm,1.6908
484,5.8619385mm,2.3927549mm,6.2325722mm,0.093682652mm,39.148567mm,1.7067
696,5.5087009mm,2.4227847mm,11.871415mm,0.13625352mm,39.514505mm,1.7071
752,5.3905478mm,2.5722399mm,6.0936871mm,0.070653063mm,39.280386mm,1.7094
225,10.443358mm,3.0950314mm,6.2479978mm,0.071172258mm,39.620695mm,1.7146
165,12.624962mm,2.9763645mm,11.885444mm,0.090398182mm,38.795099mm,1.7193
749,5.6682787mm,2.2923661mm,6.0442992mm,0.10334634mm,40mm,1.7288
697,18.341876mm,18.232233mm,10.222017mm,0.10196241mm,9.1454324mm,1.7439
27,5.875mm,3.25mm,6mm,0.07mm,30.973175mm,1.7466
633,5.1321307mm,2.4050497mm,11.987899mm,0.1364739mm,38.795187mm,1.7473
793,11.982884mm,5.2045194mm,9.8874228mm,0.12767965mm,21.840948mm,1.7564
863,5.5248568mm,2.303414mm,11.922117mm,0.13084255mm,39.837165mm,1.7882
877,13.81309mm,17.878656mm,11.334808mm,0.13953531mm,8.5151637mm,1.7929
609,19.127696mm,9.8577635mm,7.2849747mm,0.090716089mm,15.421802mm,1.797
984,14.341825mm,10.167084mm,8.3121415mm,0.13760553mm,12.832642mm,1.8115
179,19.114732mm,3.2059713mm,8.6031892mm,0.13536839mm,39.112772mm,1.8291
307,5.1244375mm,2.6119157mm,6mm,0.1375702mm,30.927701mm,1.8701
831,5mm,2mm,6mm,0.14mm,40mm,1.8733
631,18.97699mm,3.9428563mm,6.2053659mm,0.07513642mm,38.099668mm,1.8945
776,17.714754mm,9.1280059mm,6.225936mm,0.10220596mm,15.488597mm,1.9608
112,5.0050475mm,2.3804858mm,11.385067mm,0.07825946mm,35.569682mm,1.9829
870,5.097299mm,16.835754mm,6.1666625mm,0.13202503mm,6.89863mm,1.9875
744,9.3323775mm,2.3787939mm,11.759313mm,0.13897369mm,38.769343mm,2.005
503,10.400829mm,3.2487932mm,11.775697mm,0.13998889mm,29.760334mm,2.0116
416,8.4699243mm,4.4677654mm,6.5235119mm,0.13006466mm,19.953373mm,2.0152
747,18.78865mm,4.3032134mm,6.4989989mm,0.077406304mm,30.818847mm,2.0201
269,19.963102mm,7.2840809mm,7.188552mm,0.071681364mm,18.878206mm,2.0212
158,5.5576195mm,2.0021362mm,6.8343888mm,0.074019575mm,39.207683mm,2.022
156,5.3354023mm,2.0311906mm,11.110161mm,0.12959787mm,39.398779mm,2.0295
627,5.6691032mm,2mm,10.673626mm,0.10461477mm,39.963515mm,2.0375
264,19.952198mm,3.2691303mm,6.1703791mm,0.13313514mm,39.052065mm,2.0439
208,19.14212mm,7.2112039mm,9.1695891mm,0.077456909mm,17.259923mm,2.0626
209,12.545737mm,4.3652887mm,11.992366mm,0.074732963mm,23.690658mm,2.0649
586,5.1178222mm,2mm,11.904206mm,0.11932733mm,40mm,2.0699
520,5.0008514mm,2.0095909mm,6.0014577mm,0.07009878mm,39.410667mm,2.0797
486,11.785506mm,2.4132677mm,11.693251mm,0.13754786mm,39.390899mm,2.0922
767,7.306402mm,2.4430923mm,11.750627mm,0.074968703mm,35.127012mm,2.1049
7,7.0703909mm,2.3097324mm,6.1412549mm,0.13109409mm,32.897385mm,2.1618
852,18.279323mm,3.1579765mm,6.4647792mm,0.078623626mm,37.631862mm,2.175
485,16.92402mm,3.1093856mm,6mm,0.079259254mm,38.864361mm,2.1758
758,18.977786mm,2.8229364mm,11.979493mm,0.13957091mm,38.823533mm,2.1832
621,5.875mm,2mm,12mm,0.07mm,40mm,2.2161
430,5.2140776mm,3.0899133mm,6.2307722mm,0.073217059mm,23.268103mm,2.2383
202,19.685048mm,4.0110543mm,7.9000738mm,0.07710233mm,27.973032mm,2.2536
36,19.131005mm,3.2391782mm,6.0035185mm,0.074063228mm,39.069446mm,2.2542
625,19.616673mm,3.2332075mm,6.1760265mm,0.072860969mm,38.870239mm,2.2605
992,19.832974mm,3.1541575mm,6.2057982mm,0.070297207mm,39.490115mm,2.3002
716,19.346849mm,2.8481464mm,6.05716mm,0.13610666mm,38.78264mm,2.3445
637,19.049769mm,3.088744mm,6.0557981mm,0.072006601mm,38.951974mm,2.3469
306,5mm,2mm,6mm,0.14mm,31.187935mm,2.4036
693,5.0002654mm,6.1081088mm,8.8746545mm,0.12051555mm,11.90821mm,2.4384
902,5.2738224mm,2.9514579mm,9.3056442mm,0.079014949mm,22.929966mm,2.4669
632,19.63033mm,15.502857mm,6.2438572mm,0.074779516mm,9.0904271mm,2.5116
600,19.125mm,3.25mm,6.25mm,0.077038054mm,33.034605mm,2.5372
23,19.867346mm,9.8356229mm,7.1646843mm,0.071355884mm,11.792577mm,2.5769
48,11.066377mm,2mm,11.769154mm,0.070040038mm,40mm,2.5826
539,19.861566mm,2.5265806mm,6mm,0.13970757mm,39.906183mm,2.6087
168,19.584188mm,2.5200833mm,6mm,0.13831089mm,39.956634mm,2.6143
487,17.205154mm,2.2784439mm,11.854585mm,0.13803316mm,39.570732mm,2.6363
573,19.226895mm,2.625mm,6.125mm,0.072401296mm,39.794467mm,2.6545
471,18.386705mm,2.2609875mm,9.8388906mm,0.13591612mm,39.635095mm,2.6674
645,5.1557986mm,3.0162174mm,6.0351754mm,0.072851989mm,20.203335mm,2.6802
738,9.4575342mm,19.991507mm,9.949484mm,0.090196036mm,5.2372992mm,2.7402
72,19.458922mm,3.25mm,11.892657mm,0.13682698mm,28.705011mm,2.7588
715,5.8476312mm,18.805009mm,6.7495708mm,0.13502086mm,4.9309725mm,2.7818
260,19.662034mm,2.4816062mm,6.2416773mm,0.070785725mm,39.100832mm,2.8717
434,13.601062mm,2.0350937mm,6mm,0.07mm,39.585343mm,2.8948
109,16.115992mm,2mm,10.567235mm,0.092310754mm,40mm,2.9133
657,15.600241mm,3.1957286mm,8.3783962mm,0.090587062mm,24.740511mm,2.9389
834,16.181275mm,2mm,6mm,0.14mm,40mm,2.9482
746,19.66365mm,3.0532134mm,6.2489989mm,0.072406304mm,30.818847mm,2.9767
390,19.826842mm,2.1142719mm,7.4917292mm,0.13948967mm,39.733615mm,2.9885
270,8.4699243mm,3.0243898mm,6.2348368mm,0.13583816mm,19.953373mm,3.0659
765,5.4128873mm,2.025006mm,6.1112961mm,0.13994855mm,25.239514mm,3.0837
423,19.763926mm,2.0014166mm,8.2142669mm,0.13522521mm,39.619649mm,3.1786
700,8.3885029mm,17.96723mm,11.398862mm,0.12957931mm,5.0092962mm,3.1902
691,8.7161329mm,5.7706075mm,11.321675mm,0.1220892mm,11.75332mm,3.2774
312,9.4445067mm,5.4026893mm,7.5428753mm,0.1364455mm,11.786652mm,3.2937
490,13.506805mm,2.7556595mm,10.266214mm,0.074665418mm,25.270456mm,3.3049
807,19.875151mm,2.0008145mm,6.125mm,0.13854425mm,39.823747mm,3.3117
897,14.317828mm,2.0056224mm,10.947199mm,0.091575582mm,34.642961mm,3.3371
581,18.018987mm,2.0049662mm,6mm,0.07mm,39.455206mm,3.4244
713,12.146197mm,4.7127534mm,6.749499mm,0.070004081mm,14.188058mm,3.4432
721,20mm,2.0784772mm,6mm,0.07mm,40mm,3.4533
830,7.187853mm,2.0006733mm,9.8713538mm,0.099602393mm,26.986338mm,3.463
93,7.8934514mm,2.0046541mm,10.036057mm,0.13556761mm,27.287287mm,3.5218
603,20mm,2.9046651mm,12mm,0.11962073mm,26.407292mm,3.5986
405,19.220385mm,2.432787mm,6.0026741mm,0.13113645mm,30.650463mm,3.6022
847,16.7395mm,16.287462mm,6.6972136mm,0.12158845mm,5.486068mm,3.6739
526,19.568071mm,19.988246mm,11.999887mm,0.13757503mm,4.8691158mm,3.8011
927,19.877324mm,2.2836225mm,11.255422mm,0.13470224mm,31.066952mm,3.8717
730,19.404393mm,4.3375683mm,6.2593152mm,0.13467222mm,16.384999mm,3.9603
899,9.3379567mm,17.026851mm,6.1076764mm,0.074926246mm,4.1996419mm,4.2362
347,13.156747mm,20mm,6mm,0.07mm,4.1801362mm,4.2711
720,16.299239mm,15.950448mm,10.785896mm,0.12700492mm,4.8868347mm,4.3605
85,20mm,2mm,6mm,0.072038054mm,33.034605mm,4.4082
867,17.218002mm,4.4935981mm,11.953206mm,0.13395744mm,14.407494mm,4.4298
853,18.846589mm,18.395895mm,6.4289602mm,0.13092799mm,4.4934973mm,4.4781
224,19.470313mm,12.595297mm,6.2136735mm,0.13633538mm,6.0111852mm,4.495
163,5.875mm,2mm,9.1608363mm,0.072748099mm,20.953736mm,4.5317
706,18.25mm,17.5mm,11.5mm,0.10530428mm,4.5137125mm,4.6536
488,5.0080085mm,18.776295mm,6.0059813mm,0.13508618mm,3.2492365mm,4.6716
839,5.1848752mm,18.820806mm,6.2434104mm,0.13943025mm,3.2477911mm,4.6734
220,5.875mm,20mm,6.2344065mm,0.074867273mm,3.25mm,4.6757
203,5.3510933mm,19.743411mm,6.1251715mm,0.10111176mm,3.1394875mm,4.7737
414,5mm,11.904911mm,10.207677mm,0.07mm,4.5159979mm,4.8808
861,15.58178mm,18.073448mm,6.2670522mm,0.078373389mm,4.044013mm,4.9899
732,19.799121mm,19.374357mm,6.3837583mm,0.076953653mm,4.1515533mm,5.0206
507,5.8605583mm,19.986584mm,11.070204mm,0.071386345mm,3.20739mm,5.0858
598,10.298788mm,2.0011465mm,8.8847443mm,0.11418655mm,21.693022mm,5.1526
772,5.3939899mm,19.363134mm,11.754336mm,0.13916979mm,3.2154576mm,5.1545
851,7.5334252mm,19.292565mm,6.003988mm,0.13999264mm,3.1194503mm,5.2141
529,8.3885029mm,19.734997mm,11.398862mm,0.12957931mm,3.2415293mm,5.3144
263,5.9114443mm,17.637575mm,11.535723mm,0.078212112mm,3.3485613mm,5.3763
409,14.110476mm,2mm,6.182161mm,0.07mm,23.254032mm,5.4313
996,9.5829497mm,6.7641272mm,9.5213209mm,0.10227146mm,6.9662139mm,5.4946
247,15.856019mm,19.826391mm,6.2256421mm,0.073404652mm,3.5422369mm,5.5358
250,18.772735mm,2.0058182mm,9.029144mm,0.13999734mm,25.34321mm,5.6229
480,12.10646mm,19.193368mm,6.1250213mm,0.071509363mm,3.2131362mm,5.8719
698,11.561155mm,19.00563mm,11.7627mm,0.13998894mm,3.25mm,5.9339
629,7.5421088mm,9.1504065mm,9.2083344mm,0.12599359mm,4.8870249mm,5.9528
734,15.621728mm,18.107mm,6.5310677mm,0.084830916mm,3.4433757mm,6.0246
962,5mm,20mm,6.125mm,0.07mm,2.625mm,6.0444
702,5.8586233mm,19.725491mm,6.0080003mm,0.13686938mm,2.6297703mm,6.088
919,11.266545mm,12.123838mm,6mm,0.10914644mm,4.1023666mm,6.098
918,11.469429mm,12.33693mm,6mm,0.10994341mm,3.9887137mm,6.2614
459,17.777716mm,17.973768mm,6.2886751mm,0.081488437mm,3.4433757mm,6.4655
612,5.8325721mm,2.0007781mm,9.5628985mm,0.10611047mm,16.15812mm,6.4861
164,19.179748mm,19.77353mm,6mm,0.13553272mm,3.25mm,6.4872
914,5.3946627mm,2.0376992mm,6mm,0.070595479mm,14.043987mm,6.5591
748,20mm,2mm,11.049846mm,0.085193488mm,24.025075mm,6.5791
614,5.4081255mm,19.54193mm,6.0115605mm,0.079305998mm,2.4998277mm,6.5879
800,20mm,2mm,10.401548mm,0.07mm,23.792979mm,6.6197
274,19.75927mm,19.452919mm,6.0644965mm,0.13966499mm,3.2472362mm,6.66
410,19.833905mm,19.754871mm,7.5359961mm,0.073891064mm,3.2109841mm,6.6815
172,18.304748mm,18.52353mm,6.25mm,0.13053272mm,3.25mm,6.7075
406,5.2880489mm,18.761249mm,6.0148882mm,0.091961267mm,2.5000083mm,6.708
846,19.338923mm,18.93498mm,11.874752mm,0.072174749mm,3.3386944mm,6.7487
599,19.283897mm,2.3553571mm,11.772541mm,0.12542852mm,20.021244mm,6.7865
866,6.7264218mm,19.919764mm,7.7539422mm,0.070561886mm,2.5061556mm,6.8014
497,5.0003979mm,11.86983mm,6.2382863mm,0.13558357mm,3.2392938mm,6.806
554,19.851583mm,19.860109mm,6.0512527mm,0.13773208mm,3.1383955mm,6.854
324,19.175059mm,19.570649mm,6.1765998mm,0.1365619mm,3.1137824mm,6.9025
15,7.449881mm,19.127429mm,8.4085972mm,0.11141095mm,2.5656717mm,6.9584
602,5.5977878mm,18.882415mm,6.0886791mm,0.074479544mm,2.4436193mm,7.0246
258,11.022194mm,4.6510964mm,9.9188638mm,0.098223166mm,8.3920438mm,7.0612
886,6.481406mm,17.876649mm,6.0776624mm,0.13175415mm,2.4993417mm,7.1776
92,19.250139mm,19.033531mm,11.936575mm,0.073070675mm,3.1447682mm,7.2876
835,19.832854mm,18.872154mm,6.1626278mm,0.070985625mm,3.1459161mm,7.4073
737,18.344485mm,17.64928mm,6.467212mm,0.1305523mm,3.1188495mm,7.4281
216,19.464006mm,2.0017993mm,6.5708518mm,0.12952881mm,20.548585mm,7.4311
997,19.195628mm,18.790254mm,11.750773mm,0.074996236mm,3.1061069mm,7.4814
874,18.557902mm,18.986844mm,9.0851917mm,0.077938815mm,2.9733264mm,7.5091
504,19.997823mm,18.93308mm,11.95007mm,0.070106206mm,3.0787716mm,7.6694
499,19.296289mm,19.343113mm,6.1203619mm,0.13865143mm,2.8455288mm,7.866
110,5.8067684mm,12.676245mm,11.899256mm,0.10370855mm,3.1807464mm,7.926
862,5.0271379mm,7.6015488mm,8.8934679mm,0.078310163mm,4.2376237mm,8.0215
876,19.126317mm,18.040803mm,6.3533903mm,0.098961366mm,2.9158766mm,8.1294
928,19.676868mm,15.178176mm,6mm,0.077901759mm,3.3710505mm,8.2098
415,16.899796mm,19.472069mm,6.1082282mm,0.10244618mm,2.6126833mm,8.3584
242,18.56248mm,4.504227mm,8.3950124mm,0.13216249mm,8.8066042mm,8.4451
619,19.475757mm,19.131167mm,6.0758373mm,0.1377687mm,2.7237083mm,8.4514
929,19.717889mm,15.093428mm,6mm,0.079431849mm,3.2802667mm,8.5591
315,7.1935356mm,16.94359mm,11.823552mm,0.13644448mm,2.4999366mm,8.6602
787,5.5348377mm,19.779992mm,6.0326856mm,0.1241033mm,2mm,8.6952
500,19.136331mm,13.423065mm,11.751868mm,0.074371739mm,3.6016977mm,8.7214
84,5.6996677mm,19.145258mm,6.000424mm,0.13623284mm,2.0021011mm,8.9535
516,5.7829002mm,18.915854mm,6mm,0.10968862mm,2.021989mm,8.9545
710,6.7371015mm,19.980124mm,6.493902mm,0.13001695mm,2.0000222mm,8.974
125,8.4530255mm,13.741979mm,6.0015094mm,0.11057707mm,2.6239231mm,9.0143
481,5.875mm,19.077279mm,6.016052mm,0.1370696mm,2mm,9.043
955,5.41877mm,19.50669mm,7.4128376mm,0.071889847mm,2mm,9.0454
124,8.4381044mm,13.75855mm,6.0200636mm,0.109556mm,2.563899mm,9.2894
894,16.705035mm,18.868843mm,10.783881mm,0.077433762mm,2.4998211mm,9.4665
226,19.496276mm,19.155787mm,11.771249mm,0.07162898mm,2.5746724mm,9.6178
594,5mm,2mm,9.4533299mm,0.07mm,11.750388mm,9.7724
908,11.402736mm,19.780412mm,6.1792988mm,0.13547958mm,2.073187mm,9.7791
83,19.783254mm,19.292515mm,11.857442mm,0.072380521mm,2.5363016mm,9.8125
523,5.3638608mm,19.424283mm,11.995259mm,0.13997145mm,2.0028222mm,9.9933
214,5.5772869mm,19.321667mm,11.690899mm,0.080299357mm,2.0138554mm,10.008
498,5.2632126mm,14.399146mm,6.1583358mm,0.13768991mm,2.1687674mm,10.044
755,19.691982mm,18.334754mm,7.1484167mm,0.072037447mm,2.5000114mm,10.053
995,5.2853897mm,19.205722mm,11.837545mm,0.13737526mm,2mm,10.057
875,6.75mm,20mm,12mm,0.14mm,2mm,10.063
607,5.6642135mm,19.449179mm,11.779956mm,0.073448728mm,2mm,10.108
701,11.722021mm,20mm,6.7799951mm,0.14mm,2mm,10.259
789,5mm,15.990933mm,6.0292166mm,0.070388402mm,2mm,10.332
464,5.7319636mm,12.530478mm,11.969377mm,0.072572146mm,2.6013728mm,10.734
542,13.253963mm,19.765889mm,6.0532227mm,0.13842164mm,2mm,10.734
648,9.7551489mm,18.123229mm,6.3066484mm,0.074204337mm,2mm,10.745
860,19.392827mm,17.79285mm,11.536129mm,0.13685025mm,2.4891105mm,10.797
391,12.79865mm,19.414371mm,6.1362069mm,0.11094501mm,2mm,10.819
841,8.8061742mm,19.524597mm,12mm,0.07mm,2mm,10.88
281,14.742506mm,19.720007mm,6.0382715mm,0.11533414mm,2.0008934mm,11.201
714,19.891908mm,18.827922mm,11.810478mm,0.070411665mm,2.342313mm,11.287
731,18.319902mm,18.864939mm,6.4350602mm,0.072385075mm,2.1794371mm,11.466
857,19.124692mm,16.585156mm,11.538893mm,0.13325033mm,2.50043mm,11.494
963,15.912554mm,19.547282mm,6.0804635mm,0.11262224mm,2.0017088mm,11.594
279,14.624911mm,18.87755mm,6.0563082mm,0.11776802mm,2.0010656mm,11.607
436,15.621728mm,19.550376mm,6.2423925mm,0.084830916mm,2mm,11.623
262,7.3023628mm,4.2397681mm,6.6848989mm,0.083763594mm,5.2974511mm,11.682
733,19.971729mm,19.735328mm,6.4264559mm,0.13118867mm,2.1051434mm,11.689
441,15.800242mm,19.557963mm,6.2781773mm,0.082805649mm,2mm,11.697
280,14.971634mm,18.762375mm,6.020792mm,0.11629983mm,2.0015706mm,11.772
171,16.349251mm,19.382443mm,6.0289226mm,0.13895131mm,2mm,11.793
183,17.990443mm,19.718057mm,6.3217693mm,0.1351862mm,2mm,12.031
873,10.783102mm,11.80999mm,6.5467371mm,0.075811299mm,2.5000143mm,12.251
620,5mm,2.9874362mm,11.867739mm,0.070798795mm,7.4907197mm,12.254
991,18.359289mm,20mm,6mm,0.07mm,2mm,12.315
310,17.777716mm,19.417143mm,6mm,0.081488437mm,2mm,12.368
804,20mm,20mm,6.125mm,0.14mm,2mm,12.404
440,18.128921mm,19.458018mm,6.3958384mm,0.077453505mm,2mm,12.41
344,19.18858mm,20mm,6.2316564mm,0.074679017mm,2mm,12.451
707,5mm,4.4729897mm,6.0003037mm,0.079605381mm,4.3335216mm,12.531
458,18.481198mm,19.508561mm,6.0872mm,0.071574858mm,2.0015684mm,12.588
837,19.464407mm,19.573373mm,7.2987687mm,0.070685476mm,2mm,12.726
512,19.178278mm,19.96855mm,10.039133mm,0.070272379mm,2.0009165mm,12.733
185,19.23102mm,18.818017mm,6.2318934mm,0.12841309mm,2.0192387mm,12.767
231,16.299239mm,18.837199mm,10.785896mm,0.13855193mm,2.0000834mm,12.826
900,5.8704748mm,6.6595938mm,6.1540283mm,0.1398902mm,3.1940384mm,12.868
575,17.806469mm,19.736583mm,11.877781mm,0.071860766mm,2mm,12.895
70,19.127109mm,18.767314mm,6.2436052mm,0.13502443mm,2.0008155mm,12.923
412,20mm,19.393408mm,7.5890676mm,0.077801961mm,2mm,12.962
719,18.538596mm,17.537342mm,11.690141mm,0.1376756mm,2.1745624mm,13.07
266,20mm,20mm,12mm,0.10530428mm,2.0137125mm,13.115
705,19.439467mm,13.942031mm,7.0524997mm,0.07304596mm,2.5003965mm,13.165
736,19.558338mm,19.858588mm,11.75553mm,0.08316557mm,2mm,13.208
34,19.50232mm,19.376724mm,10.174109mm,0.070811189mm,2.0032122mm,13.218
420,20mm,20mm,12mm,0.14mm,2mm,13.258
975,15.759394mm,16.99819mm,6.125mm,0.072406029mm,2mm,13.429
10,19.989456mm,19.410972mm,11.997267mm,0.139991mm,2.0000421mm,13.678
115,19.552365mm,2.3823167mm,8.0522549mm,0.10401936mm,11.230795mm,14.014
173,19.572843mm,3.0608513mm,8.3950124mm,0.137936mm,8.8066042mm,14.283
893,18.67682mm,13.045318mm,9.567086mm,0.13392588mm,2.4997288mm,14.311
589,19.379614mm,10.458211mm,11.755231mm,0.13556581mm,3.0875992mm,14.51
253,5.8339602mm,11.484211mm,7.5128751mm,0.08028091mm,2.0264061mm,14.572
552,5mm,2mm,6mm,0.088773917mm,7.7722068mm,14.654
228,20mm,2mm,10.17179mm,0.07mm,13.434997mm,14.679
953,5mm,10.580119mm,6mm,0.14mm,2mm,14.732
248,7.8149993mm,6.790831mm,6.0428093mm,0.13925229mm,2.9416133mm,15.372
845,6.6475852mm,4.3953868mm,6mm,0.075341945mm,4.0253522mm,15.515
271,9.8244038mm,2.0007084mm,10.064681mm,0.13775439mm,9.9887492mm,15.726
424,5.0407315mm,12.077417mm,12mm,0.094045634mm,2mm,15.839
858,13.55636mm,10.876755mm,11.115892mm,0.11513534mm,2.5000081mm,16.044
871,18.600995mm,11.229161mm,6.3381204mm,0.092022342mm,2.5001054mm,16.098
511,19.742665mm,3.0011136mm,11.882194mm,0.070303279mm,8.8099158mm,16.105
244,5mm,11.76572mm,11.929889mm,0.11093054mm,2mm,16.2
241,19.616437mm,13.929925mm,6.0460982mm,0.10843844mm,2mm,17.801
368,19.534443mm,2.625mm,6.001736mm,0.13891329mm,8.3505359mm,17.954
725,6.1389517mm,4.3983031mm,10.774215mm,0.13210145mm,4.070198mm,18.089
510,11.106379mm,2.9677769mm,11.975746mm,0.072390288mm,6.7451561mm,18.437
910,5.0194574mm,10.218768mm,11.960176mm,0.13755798mm,2mm,18.804
251,8.8469915mm,2.3760942mm,11.81824mm,0.13602053mm,7.4603551mm,19.541
592,7.2357857mm,6.880558mm,11.961564mm,0.13516798mm,2.8086259mm,19.582
182,5.5213829mm,9.1504065mm,9.2083344mm,0.13754059mm,2.0002735mm,19.643
94,5.4270721mm,4.3431569mm,6.17518mm,0.13937525mm,3.2353137mm,20.099
878,18.383952mm,11.76276mm,6.0792533mm,0.070098522mm,2.0025062mm,20.878
177,5.825159mm,2mm,8.8619236mm,0.1075764mm,6.9477062mm,20.886
704,17.503104mm,12.614593mm,11.998474mm,0.13943773mm,2mm,20.951
162,19.594597mm,2.3760129mm,6.0184094mm,0.13588194mm,7.9641048mm,21.851
309,15.316122mm,8.9970896mm,11.993422mm,0.13928999mm,2.466631mm,21.868
881,5.0249192mm,3.9989917mm,6.1504931mm,0.073453332mm,3.2198661mm,21.916
628,19.458568mm,6.3848866mm,6.2014492mm,0.072528428mm,3.0898028mm,23.77
844,18.329959mm,4.6260206mm,11.534051mm,0.079309873mm,4.2435351mm,24.778
694,17.640877mm,7.9167195mm,11.926252mm,0.070092163mm,2.6148029mm,24.935
741,5.0648405mm,5.9857038mm,6.0752826mm,0.070867931mm,2mm,27.115
795,5.327382mm,2.3637467mm,6.2234234mm,0.07122107mm,4.4313986mm,27.227
370,17.477472mm,2mm,6mm,0.13997764mm,7.4751869mm,28.017
243,19.130116mm,5.6820011mm,10.982749mm,0.13500559mm,3.22853mm,28.317
754,18.28577mm,3.8306286mm,6.001767mm,0.079728007mm,4.1499502mm,28.461
615,14.505237mm,6.1117588mm,11.812416mm,0.073062156mm,2.7822345mm,28.847
865,18.55932mm,3.5698974mm,6.1894747mm,0.13511931mm,4.3899179mm,28.959
895,5.7532393mm,3.2928439mm,6.2803896mm,0.07815074mm,3.1920185mm,29.511
864,6.3817114mm,3.1840342mm,6.0406119mm,0.074244535mm,3.3181493mm,29.813
97,5.7130324mm,5.2141321mm,11.298793mm,0.071569229mm,2.5002683mm,29.875
770,5.7969839mm,3.2377172mm,6.0000552mm,0.075mm,3.1817049mm,29.969
825,20mm,2.000715mm,9.9584358mm,0.070902385mm,7.9747534mm,30.805
722,18.675974mm,4.091085mm,8.3980416mm,0.071172193mm,3.8693637mm,30.976
49,19.950487mm,6.8745462mm,8.9095137mm,0.098582054mm,2.5000265mm,31.216
276,5.409052mm,2.9939647mm,6.076625mm,0.1002397mm,3.0849765mm,33.779
879,5.8428001mm,2.420983mm,6.4551401mm,0.074133817mm,3.7867459mm,34.519
229,5.1058077mm,2.8462732mm,6.0602309mm,0.074474749mm,3.1221203mm,34.749
477,5.7065288mm,3.5079105mm,11.860491mm,0.12925509mm,3.212837mm,34.825
205,17.849564mm,8.0140861mm,12mm,0.14mm,2mm,36.332
903,5.7619638mm,3.0234055mm,8.5663518mm,0.073665309mm,3.2091042mm,36.677
661,5.5222694mm,5.0801564mm,8.3359306mm,0.10448941mm,2mm,37.022
762,5.4703842mm,3.1415099mm,6.0850728mm,0.070921617mm,2.7545244mm,37.672
988,5.8374317mm,3.1942968mm,6.0022764mm,0.074944454mm,2.7209308mm,38.197
872,6.7445188mm,3.2323294mm,6.0183852mm,0.13260608mm,2.6461038mm,41.07
761,5.7789125mm,3.0655143mm,10.520967mm,0.072693613mm,3.0898842mm,41.728
884,6.3965151mm,3.42632mm,7.2576127mm,0.078934453mm,2.4963114mm,43.474
832,12.67578mm,3.0454786mm,6.0679705mm,0.13564916mm,3.2072382mm,44.717
882,18.36399mm,3.3088991mm,6.6890678mm,0.11910441mm,3.4253171mm,45.955
708,19.470284mm,3.4844225mm,6.3284176mm,0.13800272mm,3.2960922mm,46.535
868,5.0829607mm,2.9379226mm,11.868979mm,0.076021921mm,2.8302072mm,51.313
403,19.125mm,3.25mm,7.4768676mm,0.135mm,3.25mm,53.165
854,6.5604251mm,2.8199759mm,7.2689796mm,0.074803828mm,2.499877mm,56.154
417,5.6320546mm,2.5263771mm,8.9200646mm,0.13785657mm,2.7720199mm,57.662
239,5.285927mm,2.4919886mm,6.0006248mm,0.071794769mm,2.4660712mm,58.144
651,16.355976mm,2.9008791mm,6.1532815mm,0.12102894mm,3.076575mm,58.642
261,5.7371152mm,2.0037002mm,6.2376853mm,0.074819322mm,3.0613832mm,58.803
906,19.359513mm,3.0392059mm,6.2477384mm,0.073542647mm,3.1737614mm,58.836
277,5.2508775mm,3.1393647mm,6.1513193mm,0.07440906mm,2.0026999mm,59.033
999,18.430393mm,2.0048697mm,6.4778774mm,0.070844392mm,4.4982017mm,60.869
898,10.915239mm,2.8836686mm,11.848893mm,0.072470379mm,2.9962213mm,61.414
321,5.2300222mm,3.0233273mm,6.0022031mm,0.07251031mm,2mm,61.438
887,19.562964mm,4.1850926mm,11.66974mm,0.12894005mm,2.4987725mm,63.001
89,5.1800226mm,2.7181257mm,6.130693mm,0.074404491mm,2.1611126mm,63.142
532,19.576534mm,3.2345956mm,6.1657985mm,0.074551193mm,2.8569704mm,63.276
639,19.135344mm,3.1306681mm,11.989844mm,0.11822045mm,3.205988mm,64.55
636,19.64212mm,4.6903712mm,6.0991043mm,0.088258135mm,2mm,64.946
618,16.71625mm,4.3173296mm,6.1348524mm,0.1366473mm,2mm,65.627
798,5.0893892mm,2.081204mm,11.923738mm,0.13676346mm,3.1402842mm,70.05
427,19.543035mm,2.7059381mm,6.2363986mm,0.13607412mm,3.1303623mm,70.321
462,5.875mm,3.25mm,11.169027mm,0.07mm,2mm,75.243
180,5.875mm,3.1820934mm,11.955352mm,0.13536227mm,2mm,79.8
501,17.446891mm,2.9241972mm,6.0934268mm,0.073811019mm,2.5002228mm,81.61
641,19.93099mm,3.028883mm,6.079655mm,0.070461582mm,2.5038888mm,84.462
313,19.830029mm,2.5294546mm,11.771908mm,0.13504968mm,3.2477513mm,85.809
892,19.207223mm,4.2135765mm,11.742568mm,0.072715976mm,2mm,85.914
518,5.875mm,2.3878537mm,6mm,0.07mm,2mm,86.174
494,19.151425mm,2.7534786mm,11.907504mm,0.070248035mm,2.9538414mm,86.809
794,9.3630743mm,3.2368918mm,11.999835mm,0.13998529mm,2mm,89.936
535,8.4463289mm,2.0024927mm,7.788557mm,0.097932399mm,2.625mm,92.581
791,19.710776mm,2.5562932mm,10.776mm,0.070606179mm,2.9733891mm,93.607
316,19.565172mm,2.1869723mm,6.0552766mm,0.1240155mm,3.0164962mm,98.345
777,19.859913mm,2.6864078mm,6.0075633mm,0.096215538mm,2.4999267mm,98.639
595,5.8687679mm,2.0110417mm,6.0024783mm,0.070040569mm,2.0064898mm,107.55
237,5.875mm,2mm,6mm,0.14mm,2mm,108.65
101,19.998016mm,3.5290986mm,12mm,0.070800986mm,2mm,112.21
888,18.663608mm,2.0620259mm,11.562224mm,0.13287857mm,3.0774872mm,118.69
613,19.464161mm,2.3514815mm,6.2260805mm,0.074077534mm,2.398693mm,125
718,19.337415mm,3.2014054mm,11.854087mm,0.1314521mm,2mm,125.07
972,5.4244849mm,2.0439947mm,11.962178mm,0.070165335mm,2.0554047mm,135.7
369,13.88795mm,2mm,11.965544mm,0.13818174mm,2.625mm,136.12
665,19.683923mm,2.3870036mm,7.1030377mm,0.073183516mm,2mm,164.99
977,19.564256mm,2.6101074mm,11.876834mm,0.072220995mm,2.0038758mm,166.29
643,20mm,2.3372412mm,6.15714mm,0.071775634mm,2mm,166.65
998,16.847354mm,2.0181388mm,6.0023752mm,0.079918401mm,2.0005884mm,181.3
692,19.895207mm,2.3899526mm,11.981265mm,0.070365601mm,2.0074671mm,189.56
843,19.535084mm,2.1524544mm,7.6407018mm,0.07mm,2mm,191.94
311,20mm,2.0366379mm,6mm,0.072402022mm,2mm,200.42
341,14.149939mm,2mm,11.950273mm,0.07mm,2mm,204.94
728,20mm,2mm,6mm,0.14mm,2mm,204.98
658,20mm,2mm,6mm,0.10304687mm,2mm,205.05
729,20mm,2mm,6.5mm,0.13mm,2mm,207.64
402,20mm,2mm,7.4768676mm,0.14mm,2mm,214.15
139,19.813749mm,2mm,7.7275095mm,0.090079071mm,2mm,214.94
774,19.563405mm,2.0529129mm,11.982285mm,0.13884676mm,2.0091294mm,231.19
699,19.149336mm,2.0014706mm,11.998206mm,0.13520313mm,2.0231679mm,234.49
724,18.999107mm,2mm,12mm,0.14mm,2mm,237.57
234,19.917063mm,2.0268139mm,11.965093mm,0.071854583mm,2.0043614mm,238.95
138,19.83004mm,2.0238904mm,11.9748mm,0.11187958mm,2mm,239.2
491,20mm,2mm,12mm,0.07mm,2mm,244.84
