"Time / s","L1:Inductor current","R4:Resistor current"
0.0063097074610008351,0.10314404179487929,-3.0574515305946082
0.006309717461000835,0.29265376204975985,-3.1709409563576352
0.0063097274610008349,0.4806091188067656,-3.2825544707969789
0.0063097374610008349,0.66687712104558339,-3.3921478351712158
0.0063097474610008348,0.85132652537511322,-3.4995787639632772
0.0063097574610008348,1.0338273187460125,-3.6047064220931775
0.0063097674610008347,1.2142519689112468,-3.7073926895144842
0.0063097774610008346,1.392474202262401,-3.8075009530947033
0.0063097874610008346,1.5683701346547341,-3.9048972510831303
0.0063097974610008345,1.7418180538749806,-3.999450069209904
0.0063098074610008345,1.9126989662046663,-4.0910309002902991
0.0063098174610008344,2.0808963535190825,-4.1795140145212839
0.0063098274610008344,2.2462959730112022,-4.264776271687519
0.0063098374610008343,2.4087861726166024,-4.3466974489176753
0.0063098474610008342,2.5682585454337454,-4.4251609075274452
0.0063098574610008342,2.7246073109756503,-4.5000529857116147
0.0063098674610008341,2.8777294325847227,-4.5712631275622959
0.0063098774610008341,3.0275253894443623,-4.6386846660626881
0.006309887461000834,3.1738988105444275,-4.7022144679118565
0.0063098974610008339,3.3167566913197182,-4.7617531604894943
0.0063099074610008339,3.4560092360623789,-4.8172049842311084
0.0063099174610008338,3.5915697827008772,-4.8684777270235893
0.0063099274610008338,3.7233555192006715,-4.9154834501025384
0.0063099374610008337,3.8512872707131129,-4.9581382835443391
0.0063099474610008336,3.9752890959883223,-4.9963620315519996
0.0063099574610008336,4.0952890635036487,-5.0300789565148296
0.0063099674610008335,4.2112187971869499,-5.059217332102488
0.0063099774610008335,4.3230137074677488,-5.0837096820123433
0.0063099874610008334,4.4306138394527448,-5.1034936343555968
0.0063099974610008333,4.5339630982690746,-5.1185111534901901
0.0063099999999998201,4.5595204575315638,-5.1215588395504543
0.0063099999999999996,4.5595204593290095,-5.1215588397549627
0.0063100099999999996,4.6574659421043307,-5.1305241189737725
0.0063100199999999995,4.7510480287908976,-5.1346078436193618
0.0063100299999999995,4.8402234128142068,-5.1337663539295662
0.0063100399999999994,4.9249529968343815,-5.1279606970904217
0.0063100499999999993,5.0052021992927891,-5.1171569380781108
0.0063100599999999993,5.0809402909055184,-5.1013254990135586
0.0063100699999999992,5.1521409902459565,-5.0804417582737935
0.0063100799999999992,5.2187820569581174,-5.0544856454472056
0.0063100899999999991,5.2808461660040829,-5.0234425179028257
0.006310099999999999,5.3383199142351261,-4.9873021689711132
0.006310109999999999,5.3911941218483417,-4.9460591301792682
0.0063101199999999989,5.4394633063438871,-4.8997121456135604
0.0063101299999999989,5.483127009473912,-4.8482654990504699
0.0063101399999999988,5.5221895677531316,-4.7917287838493339
0.0063101499999999987,5.556659190189059,-4.7301159798857615
0.0063101599999999987,5.5865481789901246,-4.6634456726226041
0.0063101699999999986,5.6118736198497432,-4.5917417414624335
0.0063101799999999986,5.632656601720285,-4.5150325771316213
0.0063101899999999985,5.6489219404651827,-4.4333508023836572
0.0063101999999999984,5.6606992504828382,-4.3467343401265905
0.0063102099999999984,5.6680229112723062,-4.2552263764159051
0.0063102199999999983,5.6709301968797456,-4.1588734850280176
0.0063102299999999983,5.669462540953603,-4.0577268883499862
0.0063102399999999982,5.6636667827337552,-3.9518436975430147
0.0063102499999999982,5.653593502655526,-3.8412852428173068
0.0063102599999999981,5.6392972638621188,-3.7261173082818484
0.006310269999999998,5.6208356180137997,-3.6064091313087436
0.006310279999999998,5.5982697260347205,-3.4822340161807044
0.0063102899999999979,5.5716648268589868,-3.3536697954596137
0.0063102999999999979,5.5410910808684006,-3.2207996653459037
0.0063103099999999978,5.5066213829433819,-3.0837099903830727
0.0063103199999999977,5.4683319987326708,-2.9424909310161587
0.0063103299999999977,5.4263036164740672,-2.7972374860939961
0.0063103399999999976,5.380619877566323,-2.6480480138535682
0.0063103499999999976,5.3313679693378422,-2.4950248148213352
0.0063103599999999975,5.2786384519289928,-2.3382739482716648
0.0063103699999999974,5.2225248125288894,-2.1779047756000458
0.0063103799999999974,5.1631234168655942,-2.0140299008759204
0.0063103899999999973,5.1005344036565692,-1.8467660537803448
0.0063103999999999973,5.0348607527079636,-1.6762331458729021
0.0063104099999999972,4.9662081191709051,-1.5025540927886114
0.0063104199999999971,4.8946846143543903,-1.3258545825539523
0.0063104299999999971,4.820400950159434,-1.1462632072365815
0.006310439999999997,4.7434703659152619,-0.9639113768618377
0.006310449999999997,4.6640085649246741,-0.77893324258002128
0.0063104599999999969,4.5821335891341173,-0.59146555777068643
0.0063104699999999968,4.4979658363641377,-0.40164768145342045
0.0063104799999999968,4.4116273357518612,-0.20962083964767775
0.0063104899999999967,4.3232423278326131,-0.015528691126110772
0.0063104907957258387,4.316125158688048,9.2714862454101876e-08
0.0063104907957260174,4.3161251570885595,9.6203138788553133e-08
0.0063104999999998206,4.2732132587310296,0.13107717345749759
0.0063105000000000001,4.2732132593056722,0.13107717427910082
0.006310502760933063,4.0525070554406204,0.3700543472666995
0.0063105055218661259,3.8798180372145858,0.55009950046438094
0.0063105085265207734,3.7730382017076285,0.64645632046113244
0.0063105085265209521,3.7730381984963062,0.64645632234022354
0.0063105175049122985,3.6013557452583753,0.75338176924909339
0.0063105275049122984,3.4089489210492796,0.87358926604475728
0.0063105375049122983,3.2154234428353905,0.99482576805618494
0.0063105475049122983,3.0209196098926379,1.1169387215801052
0.0063105575049122982,2.8255784944351401,1.2397747132865433
0.0063105675049122982,2.6295417269968735,1.3631797003282728
0.0063105775049122981,2.4329517117752122,1.4869988106053507
0.006310587504912298,2.2359510929647195,1.6110768920379779
0.006310597504912298,2.0386833480433779,1.7352579350097779
0.0063106075049122979,1.8412914897389643,1.8593863861318691
0.0063106175049122979,1.6439187684975505,1.9833064614369154
0.0063106275049122978,1.4467082686269646,2.1068625660234979
0.0063106375049122978,1.2498030466629122,2.2298991714278933
0.0063106475049122977,1.0533452256554048,2.3522617369195746
0.0063106575049122976,0.85747733826983308,2.4737953820548721
0.0063106675049122976,0.66234066871585229,2.5943465605924962
0.0063106775049122975,0.46807550492832056,2.7137628235083704
0.0063106875049122975,0.27482130950241623,2.8318926634228583
0.0063106975049122974,0.082716405084084288,2.9485858448560469
0.0063107075049122973,-0.10810115645700216,3.06369254980509
0.0063107175049122973,-0.29749458431954245,3.177064383416087
0.0063107275049122972,-0.48532954253361965,3.28855558264297
0.0063107375049122972,-0.67147260057938629,3.3980214816640983
0.0063107475049122971,-0.85579272683805185,3.5053200196047731
0.006310757504912297,-1.0381603733451688,3.6103108398874397
0.006310767504912297,-1.2184475793253147,3.7128554078598799
0.0063107775049122969,-1.396528229255356,3.8128172828580871
0.0063107875049122969,-1.5722785516885778,3.9100626305859278
0.0063107975049122968,-1.7455771795177912,4.0044602972741075
0.0063108075049122967,-1.916305331040776,4.0958820033831955
0.0063108175049122967,-2.0843461845134867,4.1842017315868727
0.0063108275049122966,-2.2495856287777167,4.2692964898673367
0.0063108375049122966,-2.4119124751259977,4.3510465358593722
0.0063108475049122965,-2.5712184907009936,4.4293354220674042
0.0063108575049122964,-2.727397993107183,4.5040496024961572
0.0063108675049122964,-2.8803482181862501,4.5750788117117178
0.0063108775049122963,-3.0299696761223798,4.6423164320289896
0.0063108875049122963,-3.1761660558507399,4.7056594087145731
0.0063108975049122962,-3.3188442990076314,4.7650083342211103
0.0063109075049122961,-3.457914684923181,4.8202675432436326
0.0063109175049122961,-3.5932909657660019,4.8713452575050908
0.006310927504912296,-3.7248904448714106,4.9181536731281303
0.006310937504912296,-3.8526335580438862,4.960608550940881
0.0063109475049122959,-3.9764450336232553,4.9986303849205607
0.0063109575049122959,-4.0962533040507054,5.0321438217593792
0.0063109675049122958,-4.2119903522315099,5.0610775148093969
0.0063109775049122957,-4.3235921048455728,5.085364524522169
0.0063109875049122957,-4.4309980374392648,5.1049419303033483
0.0063109975049122956,-4.5341520959744051,5.1197517581417662
0.0063109999999998202,-4.559220946466481,5.1226973823676598
0.0063109999999999998,-4.5592209482607498,5.1226973825688056
0.0063110099999999997,-4.6569893957747386,5.1314752592151303
0.0063110199999999997,-4.750394377883298,5.1353714181846053
0.0063110299999999996,-4.8393928116378602,5.1343424422708228
0.0063110399999999995,-4.9239458240309126,5.1283496217976126
0.0063110499999999995,-5.0040186461223932,5.1173588534428527
0.0063110599999999994,-5.079580930497487,5.1013409600544213
0.0063110699999999994,-5.1506061591692536,5.080271102064974
0.0063110799999999993,-5.2170727407588862,5.0541298770324925
0.0063110899999999992,-5.278963132854642,5.022902443655453
0.0063110999999999992,-5.3362638231326667,4.986578504709092
0.0063111099999999991,-5.3889659433847941,4.9451529217948051
0.0063111199999999991,-5.4370651408508639,4.8986255871249336
0.006311129999999999,-5.480560708054286,4.8470005533100702
0.0063111399999999989,-5.5194565700797913,4.7902870204776677
0.0063111499999999989,-5.5537614567566527,4.7284995070301941
0.0063111599999999988,-5.5834882244167243,4.6616571702823792
0.0063111699999999988,-5.6086539864432616,4.5897839345837985
0.0063111799999999987,-5.6292797287320839,4.5129081046648993
0.0063111899999999986,-5.6453906299842069,4.4310626829594515
0.0063111999999999986,-5.6570159448747708,4.3442852491437236
0.0063112099999999985,-5.6641897273367396,4.2526186798265275
0.0063112199999999985,-5.6669491884401459,4.1561095020182002
0.0063112299999999984,-5.6653359364273079,4.0548091282544849
0.0063112399999999983,-5.6593966856042917,3.948774560398999
0.0063112499999999983,-5.6491817104524129,3.8380668377966769
0.0063112599999999982,-5.6347465356131465,3.7227527212413922
0.0063112699999999982,-5.6161490704349974,3.6029018204711827
0.0063112799999999981,-5.5934514143790937,3.478588392760344
0.006311289999999998,-5.5667192215173875,3.3498906995325486
0.006311299999999998,-5.53602221781445,3.2168915161126792
0.0063113099999999979,-5.5014333120287047,3.0796772338980425
0.0063113199999999979,-5.4630296905846656,2.938338946596609
0.0063113299999999978,-5.4208916765701982,2.7929712998939364
0.0063113399999999978,-5.3751033469087961,2.6436730990673709
0.0063113499999999977,-5.3257519303296501,2.490546696933055
0.0063113599999999976,-5.2729277743792231,2.3336979505216418
0.0063113699999999976,-5.216724100215874,2.1732359650009916
0.0063113799999999975,-5.1572376579146004,2.0092737380938384
0.0063113899999999975,-5.0945684429928892,1.8419278650787887
0.0063113999999999974,-5.0288193741461793,1.6713182046223265
0.0063114099999999973,-4.9600960338519826,1.4975676073850086
0.0063114199999999973,-4.8885066842670231,1.3208019193485838
0.0063114299999999972,-4.8141624416379463,1.1411501435663727
0.0063114399999999972,-4.7371760023407177,0.95874315314851755
0.0063114499999999971,-4.6576629721426182,0.77371500720757957
0.006311459999999997,-4.5757415562226829,0.58620262737633144
0.006311469999999997,-4.4915323132248952,0.39634553792417471
0.0063114799999999969,-4.4051575206323683,0.20428521713079828
0.0063114899999999969,-4.3167415020926985,0.010165410142032982
0.0063114905209050304,-4.3120822960067047,-9.2710500609882729e-08
0.0063114905209052091,-4.3120822944076531,-9.6198275123526855e-08
0.0063114999999998199,-4.2701678751212064,-0.13219200850450807
0.0063114999999999994,-4.2701678758074104,-0.13219200918909113
0.0063115029448574892,-4.0380115647053252,-0.38309526449560316
0.006311505889714979,-3.862308652904388,-0.56471393223337696
0.0063115084938885841,-3.7747360024376482,-0.64212100873186806
0.0063115084938887627,-3.7747359992063241,-0.64212101063534677
0.0063115178575076794,-3.5956432887311953,-0.75367379418338665
0.0063115278575076794,-3.4031662356740231,-0.87394538598316185
0.0063115378575076793,-3.2095731592044165,-0.99524331570328428
0.0063115478575076793,-3.0150042536870201,-1.1174151283663418
0.0063115578575076792,-2.8196006182443765,-1.2403073778569564
0.0063115678575076791,-2.623504225325882,-1.3637656737552772
0.0063115778575076791,-2.4268574826434715,-1.4876351350645671
0.006311587857507679,-2.2298032473562417,-1.6117603917574814
0.006311597857507679,-2.0324845869676786,-1.735985839435509
0.0063116078575076789,-1.8350449526182873,-1.8601554817681123
0.0063116178575076788,-1.6376277057937199,-1.9841134197252244
0.0063116278575076788,-1.4403757163499549,-2.107704269055271
0.0063116378575076787,-1.2434319518269701,-2.2307725867845623
0.0063116478575076787,-1.0469387804065649,-2.3531635838904652
0.0063116578575076786,-0.85103844227394754,-2.4747226696589406
0.0063116678575076786,-0.65587297150463542,-2.5952955453414797
0.0063116778575076785,-0.46158279272960051,-2.7147296231493518
0.0063116878575076784,-0.26830718233874207,-2.8328735802144003
0.0063116978575076784,-0.076184564938496846,-2.9495770775359107
0.0063117078575076783,0.11464735169222162,-3.0646906402163987
0.0063117178575076783,0.3040520257860434,-3.1780661220256179
0.0063117278575076782,0.49189440885193103,-3.2895570469677411
0.0063117378575076781,0.67804199731934411,-3.3990196760629381
0.0063117478575076781,0.86236339975345,-3.5063115890969687
0.006311757857507678,1.0447283441218187,-3.6112917061526835
0.006311767857507678,1.2250091097678848,-3.7138217338530426
0.0063117778575076779,1.4030800539624799,-3.8137657058052881
0.0063117878575076778,1.5788175572704977,-3.910989941602049
0.0063117978575076778,1.7521001042387239,-4.0053631411710748
0.0063118078575076777,1.922808409284996,-4.0967565237524042
0.0063118178575076777,2.0908259968796159,-4.1850444211268956
0.0063118278575076776,2.2560392103619553,-4.2701042990017246
0.0063118378575076775,2.4183368751240377,-4.3518164326090067
0.0063118478575076775,2.57761027682972,-4.4300638969035653
0.0063118578575076774,2.7337538546322788,-4.5047332716761446
0.0063118678575076774,2.886665304195732,-4.5757147558553921
0.0063118778575076773,3.0362451744466274,-4.6429017753765915
0.0063118878575076772,3.1823968641093239,-4.7061909904118657
0.0063118978575076772,3.3250275405827217,-4.7654832246856937
0.0063119078575076771,3.4640474560678074,-4.8206827914752122
0.0063119178575076771,3.5993702706605681,-4.8716978263858222
0.006311927857507677,3.7309134389570757,-4.9184406833225562
0.0063119378575076769,3.8585981717687141,-4.9608279047606185
0.0063119478575076769,3.9823487779535989,-4.9987795720474875
0.0063119578575076768,4.1020936172710476,-5.0322202663864521
0.0063119678575076768,4.2177646878247197,-5.0610786635897513
0.0063119778575076767,4.3292975431199423,-5.0852874585675885
0.0063119878575076767,4.4366319227515092,-5.1047840026662135
0.0063119978575076766,4.5397118743433467,-5.1195104318432101
0.0063119999999998204,4.5612381603603014,-5.1220398202447743
0.0063119999999999999,4.561238162155937,-5.1220398204474478
0.0063120099999999998,4.6590824553468959,-5.13090254417674
0.0063120199999999998,4.7525626352282719,-5.1348829590439875
0.0063120299999999997,4.8416357095634801,-5.1339377301480669
0.0063120399999999997,4.9262629722481561,-5.1280283064463594
0.0063120499999999996,5.0064091972946496,-5.1171201188793543
0.0063120599999999995,5.0820441181262037,-5.1011840630827079
0.0063120699999999995,5.1531415964679059,-5.0801956706057094
0.0063120799999999994,5.2196793795505965,-5.0541348695588564
0.0063120899999999994,5.28163986733367,-5.0229867529589143
0.0063120999999999993,5.3390094397651069,-4.9867409077437852
0.0063121099999999992,5.3917789623131052,-4.945391921346725
0.0063121199999999992,5.4399442038694215,-4.8989397999391215
0.0063121299999999991,5.4835047708383398,-4.8473889025332673
0.0063121399999999991,5.522464658476224,-4.7907484918720504
0.006312149999999999,5.556832143689471,-4.7290326260717421
0.006312159999999999,5.5866202093755781,-4.6622605816811022
0.0063121699999999989,5.6118454998694851,-4.5904558070958874
0.0063121799999999988,5.6325289785925667,-4.5136465776816976
0.0063121899999999988,5.6486960391858814,-4.4318661038987983
0.0063121999999999987,5.6603754606678613,-4.3451514833762124
0.0063122099999999987,5.6676002141174289,-4.2535445036233872
0.0063122199999999986,5.6704094852195102,-4.1570936600988748
0.0063122299999999985,5.6688465472210456,-4.0558520246266347
0.0063122399999999985,5.6629574196893433,-3.9498758982127558
0.0063122499999999984,5.6527915170788257,-3.8392254544788469
0.0063122599999999984,5.6384028709511416,-3.7239659552526003
0.0063122699999999983,5.6198498749405905,-3.6041674891588205
0.0063122799999999982,5.5971949721025318,-3.4799046516715011
0.0063122899999999982,5.5705036122746447,-3.3512554950321136
0.0063122999999999981,5.5398446143118969,-3.2183018824970437
0.0063123099999999981,5.5052908835397671,-3.0811301974923504
0.006312319999999998,5.4669195081797852,-2.9398314312639631
0.0063123299999999979,5.4248113893991752,-2.7945008036198642
0.0063123399999999979,5.3790506201568506,-2.6452371321634778
0.0063123499999999978,5.3297242200977539,-2.4921425571696707
0.0063123599999999978,5.2769224013159786,-2.3353227969872821
0.0063123699999999977,5.220738615676539,-2.174887184697178
0.0063123799999999976,5.1612697946948494,-2.0109488967964766
0.0063123899999999976,5.0986156214606133,-1.8436242136652172
0.0063123999999999975,5.0328789314336593,-1.673032908702258
0.0063124099999999975,4.964165147842591,-1.4992976714455195
0.0063124199999999974,4.892582302509549,-1.3225441160693787
0.0063124299999999973,4.818241458509922,-1.1429011912976867
0.0063124399999999973,4.7412562840548258,-0.9605007411899642
0.0063124499999999972,4.661742026584891,-0.77547646590529906
0.0063124599999999972,4.5798170860237759,-0.58796548145811123
0.0063124699999999971,4.4956017886526922,-0.39810707964907444
0.0063124799999999971,4.4092185199418354,-0.20604284688584951
0.006312489999999997,4.3207912114299889,-0.011916136648673969
0.0063124906105634145,4.315328762176966,9.271452494630239e-08
0.0063124906105635932,4.3153287605773807,9.6202756871832662e-08
0.00631249999999982,4.273052550876292,0.13186303655706144
0.0063124999999999995,4.2730525515257876,0.13186303728653836
0.0063125029448549488,4.04027180717876,0.38352629454908982
0.0063125058897098981,3.8639915386834587,0.56584342483016803
0.0063125085028174445,3.775884555068703,0.6437942418864222
0.0063125085028176231,3.7758845518360689,0.64379424379090722
0.0063125178658258374,3.5966825161162679,0.75545664446546246
0.0063125278658258373,3.4040762163789502,0.87585291603653292
0.0063125378658258373,3.2103541422247752,0.99727508244822216
0.0063125478658258372,3.0156567703903185,1.1195703937839738
0.0063125578658258371,2.8201251130695084,1.2425854783116792
0.0063125678658258371,2.6239015616712478,1.3661655143107208
0.006312577865825837,2.4271285490327039,1.4901555834036744
0.006312587865825837,2.2299488303232025,1.6144004053289662
0.0063125978658258369,2.0325059446625509,1.7387438920606373
0.0063126078658258368,1.8349431704411734,1.8630302081179211
0.0063126178658258368,1.637403984590063,1.9871033272398708
0.0063126278658258367,1.4400314999254236,2.1108076105865572
0.0063126378658258367,1.2429689982094847,2.2339872895523349
0.0063126478658258366,1.0463594126469771,2.356486998889018
0.0063126578658258365,0.85034466004638487,2.4781524603203096
0.0063126678658258365,0.65506584470642648,2.5988302941344106
0.0063126778658258364,0.46066371083112495,2.7183675823466831
0.0063126878658258364,0.26727858847857916,2.8366119379281347
0.0063126978658258363,0.075049410371244629,2.9534125039427499
0.0063127078658258362,-0.11588661927589272,3.0686202994239151
0.0063127178658258362,-0.30539318861583081,3.1820873979796045
0.0063127278658258361,-0.49333570944108579,3.2936677748888989
0.0063127378658258361,-0.67958071142517973,3.4032167156037154
0.006312747865825836,-0.86399666216933246,3.5105916501798649
0.0063127578658258359,-1.0464540836208847,3.6156522843317753
0.0063127678658258359,-1.2268246382800065,3.7182596997267403
0.0063127778658258358,-1.4049826088004487,3.8182778475784325
0.0063127878658258358,-1.5808041874304766,3.915572851747763
0.0063127978658258357,-1.754167843241069,4.010013389515847
0.0063128078658258356,-1.9249545002055217,4.1014708830037687
0.0063128178658258356,-2.0930478048927252,4.1898197796348349
0.0063128278658258355,-2.2583335583112327,4.2749369966000668
0.0063128378658258355,-2.4207002302950826,4.356702447902526
0.0063128478658258354,-2.5800394416034624,4.4349995382537752
0.0063128578658258354,-2.7362455795747977,4.5097147905914658
0.0063128678658258353,-2.8892159517044607,4.5807380111033522
0.0063128778658258352,-3.0388511318069762,4.6479626464923927
0.0063128878658258352,-3.1850549140312285,4.7112857485824637
0.0063128978658258351,-3.3277338092327136,4.7706074811575432
0.0063129078658258351,-3.4667985014610094,4.8258325864953857
0.006312917865825835,-3.602162540065867,4.8768690869771714
0.0063129278658258349,-3.7337430899905271,4.9236290445309256
0.0063129378658258349,-3.8614610320320772,4.9660286699926441
0.0063129478658258348,-3.9852407070508162,5.0039880755335622
0.0063129578658258348,-4.1050106869201199,5.0374320536942356
0.0063129678658258347,-4.2207032186250313,5.0662895290588166
0.0063129778658258346,-4.3322539545122751,5.0904932955430588
0.0063129878658258346,-4.4396026403562843,5.1099807110906577
0.0063129978658258345,-4.5426933013692379,5.1246938902708683
0.0063129999999998205,-4.5641382555928969,5.127210566473968
0.006313,-4.5641382573887475,5.1272105666764274
0.00631301,-4.6619926203831987,5.1360591968081231
0.0063130199999999999,-4.7554788353116022,5.140020962721854
0.0063130299999999999,-4.8445536488592467,5.1390522704291541
0.0063130399999999998,-4.9291786892882321,5.1331149057118459
0.0063130499999999997,-5.0093190660882261,5.1221746378899216
0.0063130599999999997,-5.0849444268315169,5.1062022797024316
0.0063130699999999996,-5.1560283179675848,5.0851730517163745
0.0063130799999999996,-5.2225484674035991,5.0590668665846641
0.0063130899999999995,-5.2844879242559006,5.0278694708666558
0.0063130999999999994,-5.3418336722243032,4.9915710606013937
0.0063131099999999994,-5.3945765596819353,4.9501662114542651
0.0063131199999999993,-5.4427120879954813,4.9036546675942576
0.0063131299999999993,-5.4862393856806433,4.8520403162857164
0.0063131399999999992,-5.5251623164506594,4.7953322951406818
0.0063131499999999991,-5.5594889870034425,4.7335444991176612
0.0063131599999999991,-5.589232714892578,4.6666965465354444
0.006313169999999999,-5.6144103709724655,4.5948121200953658
0.006313179999999999,-5.6350429749784228,4.5179195595001227
0.0063131899999999989,-5.6511557586065022,4.4360519218016403
0.0063131999999999988,-5.6627779030820182,4.3492467157445338
0.0063132099999999988,-5.6699437582096603,4.257547116589893
0.0063132199999999987,-5.6726915420893178,4.161000661792233
0.0063132299999999987,-5.6710651223596233,4.0596610270231501
0.0063132399999999986,-5.665110903264404,3.9535849080972296
0.0063132499999999986,-5.6548767343264323,3.842830923675443
0.0063132599999999985,-5.640417265501048,3.7274649645165896
0.0063132699999999984,-5.6217905141058528,3.6075567537484932
0.0063132799999999984,-5.5990586632300259,3.4831806380404271
0.0063132899999999983,-5.572287384295298,3.3544149026470542
0.0063132999999999983,-5.5415461701973907,3.2213420966861031
0.0063133099999999982,-5.50690852446784,3.0840492138872917
0.0063133199999999981,-5.4684520816522539,2.9426278039957752
0.0063133299999999981,-5.4262567292107713,2.7971720855526021
0.006313339999999998,-5.380406355494908,2.6477806842480942
0.006313349999999998,-5.3309883678990904,2.4945561409957113
0.0063133599999999979,-5.2780938445366647,2.3376050533608264
0.0063133699999999978,-5.2218160510242102,2.1770365813998649
0.0063133799999999978,-5.1622512494044912,2.0129632456269926
0.0063133899999999977,-5.0994995082298757,1.8455017255323325
0.0063133999999999977,-5.0336640941200761,1.6747722395051245
0.0063134099999999976,-4.9648504175668364,1.5008974783661051
0.0063134199999999975,-4.8931665579454986,1.324003117889208
0.0063134299999999975,-4.8187238247275452,1.1442183674310455
0.0063134399999999974,-4.7416358820040632,0.96167508125910262
0.0063134499999999974,-4.662018377452597,0.77650737418714622
0.0063134599999999973,-4.5799896273653111,0.58885229315361798
0.0063134699999999972,-4.4956698322377502,0.39884901867497735
0.0063134799999999972,-4.4091812347666233,0.20663900906313604
0.0063134899999999971,-4.320648346552078,0.012366212594590031
0.0063134906331426622,-4.3149770547450261,-9.2709826482462177e-08
0.0063134906331428408,-4.3149770531434726,-9.6200750476782559e-08
0.0063134999999998201,-4.2725479883520592,-0.13187320499608912
0.0063134999999999997,-4.2725479889921685,-0.13187320573737793
0.0063135027608241774,-4.052881247184386,-0.36957642575943783
0.0063135055216483552,-3.8811657359001472,-0.54842852907388195
0.0063135085064562179,-3.7755359815377334,-0.6436032609947766
0.0063135085064563966,-3.7755359783229996,-0.64360326287805636
0.0063135180816551069,-3.5922661947172885,-0.75784085525152589
0.0063135280816551068,-3.399642066957945,-0.87829373427338275
0.0063135380816551068,-3.2059055946952513,-0.99976883109123316
0.0063135480816551067,-3.0111971921444143,-1.1221134529741237
0.0063135580816551067,-2.815657982930925,-1.2451741118963282
0.0063135680816551066,-2.6194301814162273,-1.3687961585558153
0.0063135780816551065,-2.4226562728954772,-1.4928246179156313
0.0063135880816551065,-2.2254793300786697,-1.6171038883815307
0.0063135980816551064,-2.0280424506159673,-1.7414783199272112
0.0063136080816551064,-1.8304891986330545,-1.8657917882997372
0.0063136180816551063,-1.6329625157893934,-1.9898887997743024
0.0063136280816551062,-1.4356057504377429,-2.1136134776432733
0.0063136380816551062,-1.2385620263558463,-2.2368102092213982
0.0063136480816551061,-1.0419738984845703,-2.3593240058557168
0.0063136580816551061,-0.84598341855201875,-2.4810004529318515
0.006313668081655106,-0.65073250628779311,-2.6016853542667784
0.0063136780816551059,-0.45636187069432865,-2.7212258263315761
0.0063136880816551059,-0.2630109440343612,-2.8394703798058165
0.0063136980816551058,-0.070819356161515634,-2.9562674604595887
0.0063137080816551058,0.12007619651970636,-3.0714685955959062
0.0063137180816551057,0.30954015532482992,-3.1849266127725375
0.0063137280816551056,0.4974370574168171,-3.2964946135039987
0.0063137380816551056,0.68363395735856647,-3.4060284094217397
0.0063137480816551055,0.86799929757921468,-3.5133854070076764
0.0063137580816551055,1.0504026604710259,-3.6184243742499245
0.0063137680816551054,1.2307162995134155,-3.7210069859892418
0.0063137780816551053,1.4088144941150271,-3.8209971927360336
0.0063137880816551053,1.5845735737390387,-3.9182612585090091
0.0063137980816551052,1.757872115512277,-4.0126679717667111
0.0063138080816551052,1.9285908983935753,-4.1040886129854783
0.0063138180816551051,2.096613502506838,-4.1923975669830646
0.006313828081655105,2.2618260973446822,-4.2774721235201971
0.006313838081655105,2.4241172489107354,-4.3591922970191543
0.0063138480816551049,2.5833781509128748,-4.4374410698163507
0.0063138580816551049,2.7395032544756117,-4.5121050335733459
0.0063138680816551048,2.8923900795766895,-4.5830742121210939
0.0063138780816551048,3.0419392271994763,-4.6502420848060542
0.0063138880816551047,3.1880543680379168,-4.7135055857928014
0.0063138980816551046,3.3306424733079334,-4.7727653453023757
0.0063139080816551046,3.4696140566789828,-4.8279259414898501
0.0063139180816551045,3.6048830092730371,-4.8788957449154653
0.0063139280816551045,3.7363667629440407,-4.9255870914265838
0.0063139380816551044,3.8639860498008067,-4.9679160500540531
0.0063139480816551043,3.9876655298806916,-5.0058030592429672
0.0063139580816551043,4.107333645351698,-5.0391727892786591
0.0063139680816551042,4.2229224561458159,-5.0679539850613198
0.0063139780816551042,4.3343681201535977,-5.0920799537705479
0.0063139880816551041,4.4416105380008473,-5.111488216147122
0.006313998081655104,4.544593697980182,-5.1261208578346533
0.0063139999999998198,4.5638580838830132,-5.1283774126673425
0.0063139999999999993,4.5638580856785911,-5.1283774128702131
0.0063140099999999992,4.6616970688639494,-5.1372486450498842
0.0063140199999999992,4.7551677088610926,-5.1412326975598424
0.0063140299999999991,4.8442268097304115,-5.1402860314635275
0.0063140399999999991,4.9288355960020889,-5.1343700265036416
0.006314049999999999,5.0089597765369946,-5.1234510492120755
0.0063140599999999989,5.084568815643328,-5.1074997271230487
0.0063140699999999989,5.1556359865239019,-5.086491005041232
0.0063140799999999988,5.2221397168261081,-5.0604054939653471
0.0063140899999999988,5.2840627734047469,-5.0292286557839772
0.0063140999999999987,5.3413912925687077,-4.9929498369428051
0.0063141099999999986,5.394116130450322,-4.9515636189083487
0.0063141199999999986,5.442232476061565,-4.9050694317204782
0.0063141299999999985,5.4857400972636663,-4.853471800289153
0.0063141399999999985,5.5246434315860773,-4.7967804342425255
0.0063141499999999984,5.5589506008711247,-4.7350092420695873
0.0063141599999999984,5.5886741433418239,-4.6681770610848368
0.0063141699999999983,5.613831071959023,-4.596307714521318
0.0063141799999999982,5.6344425920942767,-4.5194297261023255
0.0063141899999999982,5.6505334704896821,-4.4375756866484108
0.0063141999999999981,5.6621330300353785,-4.3507832450023933
0.0063142099999999981,5.6692760949826146,-4.2590960497448354
0.006314219999999998,5.6720009636596824,-4.1625617171447669
0.0063142299999999979,5.6703498489618038,-4.0612322670760186
0.0063142399999999979,5.6643695443173412,-3.9551647834357642
0.0063142499999999978,5.6541096764670025,-3.8444196613360031
0.0063142599999999978,5.6396242190072625,-3.7290621142476637
0.0063142699999999977,5.6209718328881308,-3.6091625079806691
0.0063142799999999976,5.5982144466936532,-3.4847949338912549
0.0063142899999999976,5.5714172606274097,-3.3560372051954652
0.0063142999999999975,5.5406496322444214,-3.222971734862186
0.0063143099999999975,5.5059853891031043,-3.0856858398478724
0.0063143199999999974,5.4675011527745152,-2.9442700563097333
0.0063143299999999973,5.425277935184333,-2.7988197266595409
0.0063143399999999973,5.379399593955597,-2.6494334453118911
0.0063143499999999972,5.3299532473785369,-2.4962134635859732
0.0063143599999999972,5.2770295158332425,-2.3392659208444417
0.0063143699999999971,5.2207223704618873,-2.1787006823381758
0.006314379999999997,5.1611283827634047,-2.0146305776490596
0.006314389999999997,5.0983474163648053,-1.8471720810971188
0.0063143999999999969,5.0324823601542299,-1.6764450330204679
0.0063144099999999969,4.9636391631366594,-1.5025726624807825
0.0063144199999999968,4.8919263848332308,-1.3256811251829879
0.0063144299999999967,4.8174545811855163,-1.1458988766416698
0.0063144399999999967,4.7403369269529021,-0.96335728158147083
0.0063144499999999966,4.6606894637717611,-0.77819084862251131
0.0063144599999999966,4.578630671892415,-0.59053678845466395
0.0063144699999999965,4.4942810540790132,-0.40053458384157725
0.0063144799999999964,4.4077626652128936,-0.20832550510621317
0.0063144899999999964,4.3191996317517347,-0.014053115357230084
0.0063144907194804664,4.3127522031425185,9.2715728428061084e-08
0.0063144907194806451,4.3127522015401283,9.6206944633081548e-08
0.0063144999999998203,4.2699794240995788,0.13152273359177702
0.0063144999999999998,4.2699794247040321,0.13152273437613715
0.0063145027608000467,4.0497586493898599,0.36989578789930455
0.0063145055216000936,3.8775307242837993,0.54936687420710228
0.006314508515791949,3.7713174661205282,0.64513851754200635
0.0063145085157921277,3.7713174629058019,0.64513851942463551
0.0063145174930386763,3.5995071804940486,0.75220208126096155
0.0063145274930386762,3.4069343017951272,0.87257800714100409
0.0063145374930386761,3.2132433402869638,0.99398246719446215
0.0063145474930386761,3.0185744452648109,1.1162630407041734
0.006314557493038676,2.8230687817822964,1.239266204569327
0.006314567493038676,2.6268684054435161,1.362837473989166
0.0063145774930386759,2.4301158151343167,1.4868218654060215
0.0063145874930386758,2.2329540028612986,1.6110638622671569
0.0063145974930386758,2.0355261945581242,1.7354076899654856
0.0063146074930386757,1.8379756021186731,1.8596975794817101
0.0063146174930386757,1.640445402481745,1.9837778040948519
0.0063146274930386756,1.4430789053239743,2.1074925274123046
0.0063146374930386755,1.2460195334325199,2.2306858386243054
0.0063146474930386755,1.0494099271969668,2.3532026638861208
0.0063146574930386754,0.8533920095982509,2.474888717108167
0.0063146674930386754,0.65810761011548702,2.5955898911258055
0.0063146774930386753,0.4636969646718499,2.7151537738769749
0.0063146874930386752,0.27030032461212294,2.83342805439686
0.0063146974930386752,0.078056662394806853,2.9502618328887165
0.0063147074930386751,-0.11289703969751241,3.0655063468070241
0.0063147174930386751,-0.3024248605157227,3.1790140570364533
0.006314727493038675,-0.49039230479106816,3.2906390274309101
0.0063147374930386749,-0.676665925164327,3.4002365618769916
0.0063147474930386749,-0.86111351308787043,3.5076634092928063
0.0063147574930386748,-1.043604777669402,3.6127784573062103
0.0063147674930386748,-1.2240116751928862,3.7154430758586683
0.0063147774930386747,-1.4022084577270837,3.8155211797115203
0.0063147874930386746,-1.5780711518159196,3.9128787209838087
0.0063147974930386746,-1.7514783119486643,4.0073844561129839
0.0063148074930386745,-1.9223111949774214,4.0989101333435061
0.0063148174930386745,-2.0904529041741524,4.1873296498834884
0.0063148274930386744,-2.2557892540262587,4.2725199293518408
0.0063148374930386744,-2.4182087685144564,4.3543609323925496
0.0063148474930386743,-2.5776028109520261,4.4327357986251315
0.0063148574930386742,-2.7338658682456223,4.5075311427412545
0.0063148674930386742,-2.8868951545147623,4.5786366693514218
0.0063148774930386741,-3.0365912201484098,4.6459457934812045
0.0063148874930386741,-3.1828576666736352,4.7093553657097615
0.006314897493038674,-3.3256012027939996,4.7687657389519256
0.0063149074930386739,-3.464731926632016,4.8240810605402293
0.0063149174930386739,-3.6001637222288241,4.8752096784055672
0.0063149274930386738,-3.73181378125124,4.922063671913075
0.0063149374930386738,-3.8596028626683365,4.9645591206461388
0.0063149474930386737,-3.9834554782143554,5.0026162978152513
0.0063149574930386736,-4.1032998991574843,5.0361596855392783
0.0063149674930386736,-4.2190682440844682,5.065118069836835
0.0063149774930386735,-4.3306965899077738,5.0894246589686558
0.0063149874930386735,-4.4381243058681159,5.1090164240426397
0.0063149974930386734,-4.5412951502262313,5.1238352021000777
0.0063149999999998199,-4.5664861040331211,5.1267955436449606
0.0063149999999999994,-4.5664861058275328,5.1267955438460913
0.0063150099999999994,-4.664259945961633,5.1355698466753053
0.0063150199999999993,-4.7576651808377779,5.1394568785307282
0.0063150299999999993,-4.8466586976630293,5.138413193282525
0.0063150399999999992,-4.931201607020153,5.1324000666754905
0.0063150499999999991,-5.011259307530179,5.1213835647907038
0.0063150599999999991,-5.0868012603256956,5.10533432189803
0.006315069999999999,-5.1578017065069606,5.0842282606306508
0.006315079999999999,-5.2242388671654769,5.0580457946826742
0.0063150899999999989,-5.2860943776596567,5.0267712648250011
0.0063150999999999988,-5.3433555930785506,4.9903952460218957
0.0063151099999999988,-5.396013344281295,4.9489123041577825
0.0063151199999999987,-5.4440629721541089,4.9023220311961913
0.0063151299999999987,-5.4875046340582205,4.8506293509154093
0.0063151399999999986,-5.5263417794618892,4.793842994661393
0.0063151499999999985,-5.5605830878189728,4.7319774379421498
0.0063151599999999985,-5.5902414882834792,4.6650519186662782
0.0063151699999999984,-5.6153339573125063,4.5930902329637977
0.0063151799999999984,-5.635881732773611,4.5161209465167911
0.0063151899999999983,-5.6519110601238252,4.4341781377465148
0.0063151999999999982,-5.6634516610435215,4.3472998634317301
0.0063152099999999982,-5.6705364685214183,4.2555278893927158
0.0063152199999999981,-5.6732033480507651,4.1589094077829589
0.0063152299999999981,-5.6714946917963847,4.057496626197409
0.006315239999999998,-5.665457409334314,3.9513467530307214
0.0063152499999999979,-5.6551437526519326,3.8405228168857697
0.0063152599999999979,-5.640606643438959,3.7250889872918691
0.0063152699999999978,-5.6219030604721123,3.6051139556748493
0.0063152799999999978,-5.5990950401527897,3.4806719286929542
0.0063152899999999977,-5.5722485527218524,3.3518414971357342
0.0063152999999999977,-5.541433419582285,3.2187055451455553
0.0063153099999999976,-5.5067228313020609,3.0813507598043759
0.0063153199999999975,-5.4681945133472913,2.9398687880028138
0.0063153299999999975,-5.4259286443446264,2.7943541456019605
0.0063153399999999974,-5.3800090257963955,2.6449053773782558
0.0063153499999999974,-5.3305228510630407,2.4916248159591605
0.0063153599999999973,-5.2775612147538569,2.3346190810196839
0.0063153699999999972,-5.2212179714275662,2.1739979270705851
0.0063153799999999972,-5.1615899121482389,2.0098744089547118
0.0063153899999999971,-5.0987773410256656,1.8423654467683255
0.0063153999999999971,-5.0328828319174885,1.6715905708816865
0.006315409999999997,-4.9640118678466365,1.4976725491623757
0.0063154199999999969,-4.8922729164968191,1.3207374501310762
0.0063154299999999969,-4.817777336205781,1.1409145360448898
0.0063154399999999968,-4.7406389501896822,0.95833582411097762
0.0063154499999999968,-4.6609731112526456,0.77313513784080401
0.0063154599999999967,-4.5788978925348376,0.58544928428372067
0.0063154699999999966,-4.4945338245228257,0.39541777708007064
0.0063154799999999966,-4.4080032395186377,0.20318216691117819
0.0063154899999999965,-4.3194306574593888,0.0088864129758183807
0.0063154904549700287,-4.3153543511878363,-9.445175930267169e-08
0.0063154904549702073,-4.3153543495862055,-9.7942459476030308e-08
0.0063154999999998204,-4.2735998081212312,-0.13254348317693143
0.0063154999999999999,-4.273599808833656,-0.13254348382905334
0.0063155027608590222,-4.0550562184037702,-0.36886149774037502
0.0063155055217180445,-3.8843719400004848,-0.54644113048238152
0.006315508487456903,-3.7799013518945421,-0.6404061630558231
0.0063155084874570817,-3.7799013486782091,-0.64040616494061586
0.0063155174636929266,-3.6080965655723563,-0.74748396495180947
0.0063155274636929265,-3.415502479533826,-0.86789542101065908
0.0063155374636929265,-3.2217841297247833,-0.98934206459461382
0.0063155474636929264,-3.0270820504094584,-1.1116710856516092
0.0063155574636929264,-2.8315375962240306,-1.2347287665932511
0.0063155674636929263,-2.6352926204506995,-1.358360819350998
0.0063155774636929262,-2.4384896149749111,-1.482412261101286
0.0063155874636929262,-2.2412715820007829,-1.6067275583233176
0.0063155974636929261,-2.0437816688739061,-1.7311510074595855
0.0063156074636929261,-1.8461634133654621,-1.8555265055501238
0.006315617463692926,-1.6485600530316817,-1.9796982565304562
0.0063156274636929259,-1.4511148747238314,-2.1035104374338802
0.0063156374636929259,-1.2539712737435804,-2.2268071551119126
0.0063156474636929258,-1.0572722098672251,-2.3494330058239261
0.0063156574636929258,-0.86115973855976891,-2.4712335598299804
0.0063156674636929257,-0.66577516551531501,-2.5920552222290469
0.0063156774636929256,-0.47125953321154612,-2.7117447621219082
0.0063156874636929256,-0.27775282198157508,-2.830150126888864
0.0063156974636929255,-0.085394375892779539,-2.9471200315939341
0.0063157074636929255,0.10567883232920261,-3.0625057097255022
0.0063157174636929254,0.29533147818123662,-3.1761602041115786
0.0063157274636929253,0.48342708489926978,-3.2879355826728638
0.0063157374636929253,0.66983267696607551,-3.3976876056136454
0.0063157474636929252,0.85441588559515624,-3.5052728461510858
0.0063157574636929252,1.037046328584885,-3.6105500844644354
0.0063157674636929251,1.2175961438392442,-3.7133808555706134
0.0063157774636929251,1.3959395367398488,-3.8136290108795654
0.006315787463692925,1.5719526038665848,-3.9111605553067945
0.0063157974636929249,1.7455138848719551,-4.005844212753737
0.0063158074636929249,1.9165040704279239,-4.0975511473772022
0.0063158174636929248,2.0848061005584642,-4.1861550747706886
0.0063158274636929248,2.2503057107850601,-4.2715328208362786
0.0063158374636929247,2.4128914712548721,-4.3535643734956544
0.0063158474636929246,2.5724546636195713,-4.4321327714127179
0.0063158574636929246,2.7288896905309037,-4.5071245254430696
0.0063158674636929245,2.8820935847515998,-4.5784291390337373
0.0063158774636929245,3.03196647400706,-4.6459395842957214
0.0063158874636929244,3.178411715962334,-4.709552447683671
0.0063158974636929243,3.3213360306413788,-4.7691680728230388
0.0063159074636929243,3.4606496194773304,-4.8246906896285893
0.0063159174636929242,3.5962659201125806,-4.8760281786883022
0.0063159274636929242,3.7281018710139104,-4.9230923450817432
0.0063159374636929241,3.8560781269457474,-4.9657991427625792
0.006315947463692924,3.9801190804283988,-5.0040687046256007
0.006315957463692924,4.1001525898289453,-5.0378250783358762
0.0063159674636929239,4.2161105566704871,-5.0669968113015704
0.0063159774636929239,4.3279288574407531,-5.091516889782941
0.0063159874636929238,4.4355471151363481,-5.1113225171320673
0.0063159974636929237,4.5389086580458144,-5.1263550788968821
0.00631599999999982,4.5644412150075864,-5.1294024209657572
0.0063159999999999996,4.564441216805192,-5.1294024211704663
0.0063160099999999995,4.6623927489807153,-5.1383756543661026
0.0063160199999999994,4.7559752820590022,-5.1424609369749774
0.0063160299999999994,4.8451458043804072,-5.141614904054328
0.0063160399999999993,4.9298650751877435,-5.1357984600340574
0.0063160499999999993,5.0100982232682227,-5.1249773812232666
0.0063160599999999992,5.0858147968215759,-5.1091223692481504
0.0063160699999999992,5.1569882432471745,-5.0882085335369203
0.0063160799999999991,5.2235968705000566,-5.0622163550802881
0.006316089999999999,5.2856228657732469,-5.031130707671581
0.006316099999999999,5.3430523554917508,-4.9949409182700668
0.0063161099999999989,5.3958763153362668,-4.9536416789045186
0.0063161199999999989,5.4440901854877826,-4.9072326621798332
0.0063161299999999988,5.4876940034810096,-4.855718653883101
0.0063161399999999987,5.5266913366379784,-4.7991084852277401
0.0063161499999999987,5.5610905171051082,-4.737416266551655
0.0063161599999999986,5.5909042252775905,-4.6706609696835475
0.0063161699999999986,5.616148874044927,-4.5988658098810431
0.0063161799999999985,5.636846635249313,-4.5220602699632302
0.0063161899999999984,5.6530233434079831,-4.440278001114077
0.0063161999999999984,5.6647084841209088,-4.3535568077582401
0.0063162099999999983,5.671935378516662,-4.261938828091723
0.0063162199999999983,5.6747412110875723,-4.16547055765633
0.0063162299999999982,5.6731679283481062,-4.0642037433192932
0.0063162399999999981,5.6672625005051867,-3.9581956394845612
0.0063162499999999981,5.6570763197794172,-3.8475084006348812
0.006316259999999998,5.6426627393109721,-3.7322066141062873
0.006316269999999998,5.6240792035803686,-3.6123594235921965
0.0063162799999999979,5.6013873731809252,-3.4880406471856782
0.0063162899999999978,5.5746529313654118,-3.3593285763034149
0.0063162999999999978,5.5439459789602594,-3.2263063625557846
0.0063163099999999977,5.509340201003198,-3.0890611761397979
0.0063163199999999977,5.4709120536113023,-2.9476833835796197
0.0063163299999999976,5.4287415454971173,-2.8022673203117554
0.0063163399999999975,5.3829126346537679,-2.6529116777120256
0.0063163499999999975,5.3335124701297572,-2.4997187347986802
0.0063163599999999974,5.2806317104920275,-2.3427946664698607
0.0063163699999999974,5.2243641500116746,-2.1822491587139314
0.0063163799999999973,5.1648066725789663,-2.0181953515900299
0.0063163899999999972,5.1020588694253641,-1.8507494454185065
0.0063163999999999972,5.0362238934033776,-1.6800315432456854
0.0063164099999999971,4.9674072875954334,-1.5061644673381127
0.0063164199999999971,4.8957173568450454,-1.329274118265424
0.006316429999999997,4.8212651982987511,-1.1494894926677253
0.006316439999999997,4.7441643157744915,-0.96694228460100584
0.0063164499999999969,4.6645307197069537,-0.78176697209111445
0.0063164599999999968,4.5824823486028095,-0.59410022501290705
0.0063164699999999968,4.4981393444233966,-0.40408116667598559
0.0063164799999999967,4.4116245183517231,-0.21185182545728587
0.0063164899999999967,4.3230623674254867,-0.017556137080310563
0.006316490898630317,4.3150079365956469,9.2708052790158035e-08
0.0063164908986304957,4.3150079349926314,9.6200328592033202e-08
0.0063164999999998205,4.2716385502472312,0.13074685401483421
0.0063165000000000001,4.2716385507793495,0.13074685488835325
0.0063165027607766907,4.0502858278947595,0.37051510753291073
0.0063165055215533812,3.8770049704007961,0.55128429072378404
0.0063165085352085105,3.7695867344993035,0.64831636932904235
0.0063165085352086892,3.7695867312852349,0.6483163712112554
0.006316518112714815,3.58624173612849,0.76260639643401085
0.006316528112714815,3.3935896355014474,0.8830803544138961
0.0063165381127148149,3.1998296974844127,1.0045715394368084
0.0063165481127148149,3.0051022213941185,1.1269273721298103
0.0063165581127148148,2.8095486455093921,1.249994048721998
0.0063165681127148147,2.6133111564239684,1.373616947146143
0.0063165781127148147,2.4165323143308721,1.4976410175257948
0.0063165881127148146,2.2193551041280069,1.6219107465445211
0.0063165981127148146,2.0219230440908365,1.7462700645108744
0.0063166081127148145,1.8243795070953224,1.8705630400878033
0.0063166181127148145,1.6268674485965993,1.9946341678442909
0.0063166281127148144,1.4295303215704416,2.1183274690832476
0.0063166381127148143,1.2325111572961367,2.2414874269493823
0.0063166481127148143,1.035952403311404,2.3639591639153581
0.0063166581127148142,0.8399961182520248,2.4855882628352601
0.0063166681127148142,0.64478417223256679,2.6062205819337501
0.0063166781127148141,0.45045764943813071,2.7257028679500612
0.006316688112714814,0.25715591994039017,2.8438836995481092
0.006316698112714814,0.065017226408802087,2.9606129163429018
0.0063167081127148139,-0.12582095344437871,3.0757412711117214
0.0063167181127148139,-0.31522187297004545,3.1891204108466003
0.0063167281127148138,-0.50305145302887522,3.3006048288958523
0.0063167381127148137,-0.68917665942132356,3.4100502565407353
0.0063167481127148137,-0.87346559010799996,3.5173137647342996
0.0063167581127148136,-1.0557885384559735,3.622254842085602
0.0063167681127148136,-1.2360177713214477,3.7247351866214489
0.0063167781127148135,-1.4140275796907296,3.8246187709344066
0.0063167881127148134,-1.5896941636966064,3.921771740439044
0.0063167981127148134,-1.7628963312908723,4.0160631257077313
0.0063168081127148133,-1.9335151769153183,4.1073645344572327
0.0063168181127148133,-2.101433762639318,4.1955498454513638
0.0063168281127148132,-2.2665382700825845,4.2804963731848016
0.0063168381127148131,-2.4287176567541944,4.3620845365129242
0.0063168481127148131,-2.587863658839078,4.4401978736446397
0.006316858112714813,-2.7438706593632105,4.5147229218314973
0.006316868112714813,-2.8966360688318686,4.5855496095898722
0.0063168781127148129,-3.0460607513460425,4.6525716938094934
0.0063168881127148128,-3.1920485774190803,4.7156863231673984
0.0063168981127148128,-3.3345068526384858,4.7747944773079034
0.0063169081127148127,-3.4733460555581575,4.8298007146357573
0.0063169181127148127,-3.6084800120009861,4.8806133561594383
0.0063169281127148126,-3.7398262208964099,4.9271448205773085
0.0063169381127148126,-3.8673056798786907,4.9693114586260334
0.0063169481127148125,-3.9908430310293972,5.0070337072213782
0.0063169581127148124,-4.1103672012649124,5.0402367379991757
0.0063169681127148124,-4.2258103322589866,5.0688493945680335
0.0063169781127148123,-4.3371085053374134,5.092804924569208
0.0063169881127148123,-4.4442019335482037,5.1120411784045521
0.0063169981127148122,-4.5470344102117908,5.1265000640939498
0.0063169999999998202,-4.565959539825533,5.1286885273056626
0.0063169999999999997,-4.5659595416186276,5.1286885275056635
0.0063170099999999996,-4.6636596948848341,5.1373994265942926
0.0063170199999999996,-4.7569906925785608,5.1412223202113845
0.0063170299999999995,-4.8459098808574854,5.1401142279632364
0.0063170399999999995,-4.9303787066197167,5.1340367682169497
0.0063170499999999994,-5.0103623550101499,5.1229558001528677
0.0063170599999999993,-5.0858299913085423,5.1068416685474949
0.0063170699999999993,-5.1567552808383281,5.0856697272428582
0.0063170799999999992,-5.2231170160814084,5.0594209674654396
0.0063170899999999992,-5.2848979878101678,5.0280808924025759
0.0063170999999999991,-5.3420847587683919,4.9916392912589505
0.006317109999999999,-5.3946683377440268,4.9500909144839449
0.006317119999999999,-5.4426441017132188,4.9034353965392627
0.0063171299999999989,-5.486011898710685,4.8516773586756932
0.0063171399999999989,-5.5247761036980423,4.7948264642566283
0.0063171499999999988,-5.5589452819977883,4.7328970811894999
0.0063171599999999987,-5.5885312061582244,4.6659072973472844
0.0063171699999999987,-5.6135508546743162,4.5938809170993053
0.0063171799999999986,-5.6340265427681224,4.5168475901001299
0.0063171899999999986,-5.6499835907178921,4.4348404762651619
0.0063171999999999985,-5.6614513351765527,4.3478972536508405
0.0063172099999999985,-5.6684638145681419,4.2560608001577105
0.0063172199999999984,-5.671059242098206,4.1593786621317781
0.0063172299999999983,-5.6692811565203849,4.0579042001149404
0.0063172399999999983,-5.663175337607516,3.9516934989624946
0.0063172499999999982,-5.6527915654670142,3.8408071215408848
0.0063172599999999982,-5.6381842338686976,3.7253107158049961
0.0063172699999999981,-5.6194117078757593,3.6052743657425839
0.006317279999999998,-5.5965358782149899,3.4807721384796189
0.006317289999999998,-5.5696227285276505,3.3518826443491725
0.0063172999999999979,-5.5387423231282078,3.218689016330031
0.0063173099999999979,-5.5039682872970062,3.0812783819313756
0.0063173199999999978,-5.465377589913798,2.939741637225131
0.0063173299999999977,-5.4230505796473523,2.7941734735326125
0.0063173399999999977,-5.3770715710165709,2.644672954047468
0.0063173499999999976,-5.3275277814239512,2.4913424407010112
0.0063173599999999976,-5.2745099805938462,2.3342882332784485
0.0063173699999999975,-5.2181122562310343,2.173620324310193
0.0063173799999999974,-5.1584315742026021,2.0094519481136657
0.0063173899999999974,-5.0955680189763362,1.841899809666792
0.0063173999999999973,-5.0296244038057134,1.6710836831103606
0.0063174099999999973,-4.9607060926393602,1.497126221340265
0.0063174199999999972,-4.8889218606054428,1.3201538042693537
0.0063174299999999971,-4.8143825698761598,1.1402952017629038
0.0063174399999999971,-4.7372017790467096,0.95768216998142108
0.006317449999999997,-4.6574951596988043,0.77244885467915214
0.006317459999999997,-4.5753810074301819,0.58473228860386639
0.0063174699999999969,-4.4909797675491934,0.39467190333397095
0.0063174799999999968,-4.4044139427826208,0.20240942285629782
0.0063174899999999968,-4.3158078320464872,0.0080885880229635276
0.0063174904140794854,-4.3120966813545492,-9.4452566656855197e-08
0.0063174904140796658,-4.3120966797369151,-9.7977456370301752e-08
0.0063174999999998198,-4.2704892271936483,-0.13269717764925915
0.0063174999999999993,-4.2704892279225444,-0.132697178280897
0.0063175027608028669,-4.0522076370986664,-0.36869050815780735
0.0063175055216057345,-3.8817627811401345,-0.54597351732907873
0.0063175084829795568,-3.7775539716388025,-0.63966396216891841
0.0063175084829797373,-3.7775539683906789,-0.63966396407247306
0.0063175174591820534,-3.6057333468352644,-0.74675027164235708
0.0063175274591820534,-3.4131212714297567,-0.86717135095688791
0.0063175374591820533,-3.219385567194748,-0.98862705583105281
0.0063175474591820532,-3.0246664785822315,-1.1109648652552488
0.0063175574591820532,-2.8291054412767349,-1.234030979548717
0.0063175674591820531,-2.6328449676197816,-1.357670450826729
0.0063175774591820531,-2.4360273599298261,-1.4817284851040768
0.006317587459182053,-2.2387955744339734,-1.6060495941047601
0.0063175974591820529,-2.0412928906574779,-1.7304779415760803
0.0063176074591820529,-1.8436628240194421,-1.8548574464331749
0.0063176174591820528,-1.646048811598271,-1.9790321126264254
0.0063176274591820528,-1.448593891605173,-2.1028463655915894
0.0063176374591820527,-1.2514414427006113,-2.2261443287124782
0.0063176474591820526,-1.0547344931512754,-2.3487705295750967
0.0063176574591820526,-0.85861529752363508,-2.4705703391724185
0.0063176674591820525,-0.66322553509779347,-2.5913897892773137
0.0063176774591820525,-0.46870583574885327,-2.7110760617806653
0.0063176874591820524,-0.27519603174641233,-2.8294772524212606
0.0063176974591820523,-0.082835474256137021,-2.9464420697675893
0.0063177074591820523,0.10823781530829146,-3.0618206988421397
0.0063177174591820522,0.29788775689909364,-3.1754654280617611
0.0063177274591820522,0.48598021865164792,-3.2872306709985635
0.0063177374591820521,0.67238169491103861,-3.396971658786883
0.006317747459182052,0.85695977397796574,-3.5045449228944463
0.006317757459182052,1.0395850656122858,-3.609810236596541
0.0063177674591820519,1.2201292443394389,-3.7126286728463129
0.0063177774591820519,1.3984661716569435,-3.8128637404029657
0.0063177874591820518,1.5744719677403149,-3.9103814689921159
0.0063177974591820518,1.748025164039466,-4.0050505759161172
0.0063178074591820517,1.9190064897251611,-4.0967422651053651
0.0063178174591820516,2.0872991027158672,-4.1853304716994089
0.0063178274591820516,2.252788588195596,-4.2706918728508727
0.0063178374591820515,2.4153633620958761,-4.3527063038870235
0.0063178474591820515,2.5749146408116732,-4.4312567399745877
0.0063178574591820514,2.7313369371105245,-4.506229803925919
0.0063178674591820513,2.8845272997859319,-4.5775150171222627
0.0063178774591820513,3.034385815544884,-4.6450053125655204
0.0063178874591820512,3.1808159519988601,-4.7085973887324988
0.0063178974591820512,3.323724439595809,-4.7681916017960742
0.0063179074591820511,3.4630214526404521,-4.8236921567228066
0.006317917459182051,3.5986205953982733,-4.8750071028744699
0.006317927459182051,3.7304388962560546,-4.9220483376049629
0.0063179374591820509,3.8583967415153388,-4.9647315488518995
0.0063179474591820509,3.9824185641326295,-5.0029769121548551
0.0063179574591820508,4.1024325237801218,-5.0367087788981193
0.0063179674591820507,4.2183703571496851,-5.0658555342420541
0.0063179774591820507,4.3301678112319735,-5.0903500375133035
0.0063179874591820506,4.4377646142531741,-5.1101295998765863
0.0063179974591820506,4.5411042990311747,-5.1251358138821619
0.0063179999999998203,4.5666764354209537,-5.1281815941072928
0.0063179999999999998,4.5666764372181285,-5.1281815943114877
0.0063180099999999998,4.6646038397735179,-5.137126129632545
0.0063180199999999997,4.758162101219888,-5.1411826988213498
0.0063180299999999997,4.8473081840901218,-5.1403079141185017
0.0063180399999999996,4.9320026286329712,-5.134462463795388
0.0063180499999999995,5.012210804626454,-5.1236123681554693
0.0063180599999999995,5.0879023487444472,-5.1077284201970778
0.0063180699999999994,5.1590506846939972,-5.0867857083229193
0.0063180799999999994,5.2256338891093552,-5.0607644859385417
0.0063180899999999993,5.2876344381940728,-5.0296499179330834
0.0063180999999999992,5.3450389688522497,-4.9934318450131183
0.0063181099999999992,5.3978381932172796,-4.9521046984313406
0.0063181199999999991,5.4460275234361735,-4.9056681256283561
0.0063181299999999991,5.4896067442522476,-4.8541266623595574
0.006318139999999999,5.5285793830684797,-4.7974891025605775
0.0063181499999999989,5.562953222938968,-4.735769010450845
0.0063181599999999989,5.5927413860960753,-4.6689858024166995
0.0063181699999999988,5.6179607162185636,-4.5971631273448725
0.0063181799999999988,5.6386322322618394,-4.5203293179721031
0.0063181899999999987,5.6547812705657101,-4.4385175302025264
0.0063181999999999986,5.666437617939585,-4.3517658725212582
0.0063182099999999986,5.6736358049766125,-4.2601176957967208
0.0063182199999999985,5.6764148487728745,-4.1636213311566586
0.0063182299999999985,5.6748160592060781,-4.0623278916397627
0.0063182399999999984,5.6688853800190486,-3.9562936078173117
0.0063182499999999983,5.6586725507611968,-3.8455789842456887
0.0063182599999999983,5.6442317001939646,-3.7302493865538788
0.0063182699999999982,5.6256201700096531,-3.6103738585643659
0.0063182799999999982,5.6029005902338396,-3.4860271906951836
0.0063182899999999981,5.5761390085202445,-3.3572880414749324
0.006318299999999998,5.5454050934179318,-3.2242391330261104
0.006318309999999998,5.5107720826951434,-3.0869671908895526
0.0063183199999999979,5.4723171679658096,-2.9455633198170297
0.0063183299999999979,5.4301208415407327,-2.8001223414998906
0.0063183399999999978,5.3842664872090422,-2.6507423755749397
0.0063183499999999978,5.3348409276453905,-2.497525377219949
0.0063183599999999977,5.2819351968497772,-2.3405778990677084
0.0063183699999999976,5.2256430162963499,-2.1800095567597881
0.0063183799999999976,5.1660613384350498,-2.0159335612055829
0.0063183899999999975,5.1032901244164588,-1.8484664848375134
0.0063183999999999975,5.0374322046770601,-1.67772811040463
0.0063184099999999974,4.9685929359820857,-1.503841075949071
0.0063184199999999973,4.8968808545915845,-1.3269315154569403
0.0063184299999999973,4.8224068633691894,-1.1471282332559212
0.0063184399999999972,4.7452848503386535,-0.96456330939615142
0.0063184499999999972,4.6656308385485934,-0.77937123635341576
0.0063184599999999971,4.5835633681853727,-0.59168928733904336
0.006318469999999997,4.4992021842420478,-0.4016561902050837
0.006318479999999997,4.4126695968011305,-0.20941347368654561
0.0063184899999999969,4.3240901765433026,-0.015105148456328266
0.0063184907731734475,4.3171598301580083,9.269779255305366e-08
0.0063184907731736279,4.3171598285395554,9.622376317963699e-08
0.0063184999999998199,4.2741899516003281,0.13132022602168014
0.0063184999999999995,4.274189952183062,0.13132022683295386
0.0063185029448533919,4.0403238676184312,0.38431702592040651
0.0063185058897067842,3.8630914909805427,0.56780804002386942
0.0063185085183061511,3.7741001705523556,0.64667026614182754
0.0063185085183063315,3.7741001672892542,0.64667026806402994
0.0063185178798333972,3.5948861123340481,0.75838299521007579
0.0063185278798333971,3.4022390085344552,0.87884929597911698
0.006318537879833397,3.2084780809561373,1.0003392374974398
0.006318547879833397,3.0137438116693462,1.1227000577441006
0.0063185578798333969,2.8181780324401613,1.2457775588390367
0.0063185678798333969,2.6219224714773386,1.3694175759342975
0.0063185778798333968,2.4251198011652648,1.4934649450764272
0.0063185878798333968,2.2279129707627474,1.6177641862213563
0.0063185978798333967,2.0304452162756053,1.7421595089592956
0.0063186078798333966,1.8328597672411995,1.8664951214743346
0.0063186178798333966,1.6352999910763166,1.9906151020151575
0.0063186278798333965,1.4379093767423539,2.1143634309745334
0.0063186378798333965,1.2408313110554408,2.2375842302618345
0.0063186478798333964,1.0442085506139986,2.3601223071120829
0.0063186578798333963,0.84818291726419548,2.4818234743401595
0.0063186678798333963,0.65289580254299295,2.6025340614175985
0.0063186778798333962,0.45848804727958065,2.722101050480259
0.0063186878798333962,0.26509962586971453,2.8403724072708725
0.0063186978798333961,0.072869163477810278,2.9571975795424263
0.006318707879833396,-0.11806516747951387,3.0724266156348672
0.006318717879833396,-0.30756694454853228,3.185911476819753
0.0063187278798333959,-0.4955020442464928,3.2975066010776595
0.0063187378798333959,-0.68173707102196368,3.4070673472907922
0.0063187478798333958,-0.8661401836858188,3.5144508354791295
0.0063187578798333957,-1.0485819066501578,3.619516773031747
0.0063187678798333957,-1.2289347487287501,3.7221270874580954
0.0063187778798333956,-1.4070723927793398,3.8221451298394662
0.0063187878798333956,-1.582871027395951,3.9194370204343469
0.0063187978798333955,-1.7562090636980883,4.0138713790057903
0.0063188078798333954,-1.9269673488073344,4.1053195514128173
0.0063188178798333954,-2.0950293233416168,4.1936557801077132
0.0063188278798333953,-2.2602806795735466,4.2787568749258398
0.0063188378798333953,-2.4226104848328793,4.3605033489527578
0.0063188478798333952,-2.5819104948838181,4.4387787438517838
0.0063188578798333951,-2.7380748889029487,4.5134693766834175
0.0063188678798333951,-2.8910011347416642,4.5844652164943103
0.006318877879833395,-3.0405897976189475,4.651659704163281
0.006318887879833395,-3.1867446059840394,4.7149498289415241
0.0063188978798333949,-3.3293725504283032,4.7742362377279211
0.0063189078798333949,-3.4683836983269738,4.829423059604296
0.0063189178798333948,-3.603691935622261,4.880418657508419
0.0063189278798333947,-3.7352147011412864,4.9271353714639226
0.0063189378798333947,-3.8628728293013372,4.9694893703425551
0.0063189478798333946,-3.9865909961043693,5.0074011060463537
0.0063189578798333946,-4.1062974917307224,5.0407950942943085
0.0063189678798333945,-4.221924402484488,5.0696001039148291
0.0063189778798333944,-4.3334077736625005,5.0937493271951109
0.0063189878798333944,-4.4406875887702517,5.1131803653424521
0.0063189978798333943,-4.5437077642725408,5.1278352299030843
0.0063189999999998204,-4.5649974222728584,5.1303234612866166
0.006319,-4.5649974240675277,5.1303234614881221
0.0063190099999999999,-4.6627851875299351,5.1391180062247273
0.0063190199999999998,-4.7562034589323563,5.1430240346254195
0.0063190299999999998,-4.8452091785441285,5.1419981516352422
0.0063190399999999997,-4.9297633008936508,5.1360014753491186
0.0063190499999999997,-5.0098311297088127,5.1249999751783699
0.0063190599999999996,-5.0853827106323717,5.1089648682880693
0.0063190699999999995,-5.156391728731796,5.0878715199043576
0.0063190799999999995,-5.2228364238361547,5.061700361391372
0.0063190899999999994,-5.2846991875071145,5.0304364886039679
0.0063190999999999994,-5.3419666651842732,4.9940697656503135
0.0063191099999999993,-5.3946300929986677,4.9525951627105709
0.0063191199999999993,-5.4426847268782286,4.9060121860205106
0.0063191299999999992,-5.4861298317038623,4.8543248661946405
0.0063191399999999991,-5.524969578937827,4.7975426560668462
0.0063191499999999991,-5.5592120156779306,4.735679398363569
0.006319159999999999,-5.5888705398657832,4.6687547996145957
0.006319169999999999,-5.6139620778454846,4.5967926056514798
0.0063191799999999989,-5.6345074380685478,4.5198209527661737
0.0063191899999999988,-5.6505329396161574,4.4378739934495179
0.0063191999999999988,-5.6620681310723135,4.3509896117109976
0.0063192099999999987,-5.6691476569270103,4.2592112855712667
0.0063192199999999987,-5.6718096437377241,4.1625864688269623
0.0063192299999999986,-5.6700944783278207,4.0611653643100185
0.0063192399999999985,-5.664047766253999,3.9550038774174232
0.0063192499999999985,-5.6537218053223404,3.8441650837660877
0.0063192599999999984,-5.6391703586617368,3.7287139958573379
0.0063192699999999984,-5.6204515510418265,3.6087204527797128
0.0063192799999999983,-5.597627843154851,3.4842590874551949
0.0063192899999999982,-5.5707649589746495,3.3554082463256365
0.0063192999999999982,-5.5399326550185091,3.2222507506970057
0.0063193099999999981,-5.5052043824666486,3.0848735505062992
0.0063193199999999981,-5.4666573586768878,2.9433677868366179
0.006319329999999998,-5.4243723601474994,2.797828575781117
0.0063193399999999979,-5.3784333385523508,2.6483546147363421
0.0063193499999999979,-5.3289274638687374,2.4950482156163027
0.0063193599999999978,-5.2759449810202286,2.3380151509738134
0.0063193699999999978,-5.2195798508720941,2.1773652844091123
0.0063193799999999977,-5.1599294291607549,2.0132122383222524
0.0063193899999999976,-5.0970936908282738,1.8456726066324598
0.0063193999999999976,-5.0311754146947765,1.6748661277974679
0.0063194099999999975,-4.9622803883368745,1.5009158774804581
0.0063194199999999975,-4.8905165569662135,1.3239474048949962
0.0063194299999999974,-4.8159951750068712,1.1440898718559107
0.0063194399999999974,-4.7388298106846758,0.9614750441018356
0.0063194499999999973,-4.659136296389069,0.7762372283413943
0.0063194599999999972,-4.5770329452730971,0.58851347539960086
0.0063194699999999972,-4.4926402478813463,0.39844326284808851
0.0063194799999999971,-4.4060806148264628,0.20616822354134712
0.0063194899999999971,-4.3174783100733745,0.011832064755071592
0.0063194906056100539,-4.3120496592964281,-9.445255866324942e-08
0.0063194906056102344,-4.3120496576781884,-9.7978403168497152e-08
0.0063194999999998201,-4.2696748858466469,-0.13202169274085662
0.0063194999999999996,-4.2696748864974934,-0.13202169346859183
0.0063195027607822135,-4.05018146332631,-0.36950693050410077
0.0063195055215644275,-3.8786288781777887,-0.54815382090720233
0.006319508502684138,-3.773196784877094,-0.64312232853724494
0.0063195085026843184,-3.7731967816298067,-0.64312233044007971
0.0063195180775372428,-3.5898712397644408,-0.75741239998361287
0.0063195280775372427,-3.3971827421652616,-0.87792366125076082
0.0063195380775372427,-3.203382542055274,-0.99945653501563392
0.0063195480775372426,-3.0086112567496968,-1.1218581196225359
0.0063195580775372425,-2.8130101398560106,-1.2449747912756655
0.0063195680775372425,-2.6167213349065639,-1.3686519659150678
0.0063195780775372424,-2.4198872971836627,-1.4927346929232161
0.0063195880775372424,-2.2226508485524867,-1.6170676161252886
0.0063195980775372423,-2.0251555828519936,-1.741494583865705
0.0063196080775372422,-1.8275450478442683,-1.8658594829554991
0.0063196180775372422,-1.6299627994423982,-1.990006200276748
0.0063196280775372421,-1.4325518344867545,-2.1137792055506655
0.0063196380775372421,-1.2354553427503232,-2.2370228152534821
0.006319648077537242,-1.0388161787085015,-2.3595817365681966
0.006319658077537242,-0.84277671857774983,-2.4813012258444362
0.0063196680775372419,-0.64747810805795147,-2.6020278565644279
0.0063196780775372418,-0.45306088205651884,-2.7216089151477614
0.0063196880775372418,-0.25966476353042539,-2.8398926174445545
0.0063196980775372417,-0.06742889003791469,-2.9567278975178808
0.0063197074599999998,0.11171809413420253,-3.0648491217200591
